{
    "buyTime": 1246,
    "exp": -0.03409631019972553,
    "lose": -0.16339631049548697,
    "param": {
        "nextCMD": "D:/ProgramData/Anaconda3/python.exe findBetterParam.py nodeParam.json nodeRst.json",
        "trader": {
            "Class": "AverageTrader",
            "config": {
                "maxBuyLose": -0.7354533110243382,
                "maxDay": 33,
                "minBuyExp": 0.23947116057171802,
                "minBuyLose": -0.30765322340730294,
                "posDayCount": 134
            },
            "values": [
                [
                    "seller",
                    {
                        "Class": "SimpleSeller",
                        "config": {
                            "backSell": -0.1,
                            "loseSell": -0.2,
                            "maxDay": 33,
                            "winSell": 0.9
                        }
                    }
                ]
            ]
        }
    },
    "sSellDay": 28.142054574638845,
    "swin": 0.09132062449243784,
    "swin10Rate": 0.4582664526484751,
    "swin10Time": 571,
    "swin15Rate": 0.3924558587479936,
    "swin15Time": 489,
    "swin20Rate": 0.31540930979133225,
    "swin20Time": 393,
    "swin25Rate": 0.24719101123595505,
    "swin25Time": 308,
    "swin30Rate": 0.1958266452648475,
    "swin30Time": 244,
    "swin35Rate": 0.1420545746388443,
    "swin35Time": 177,
    "swin40Rate": 0.11476725521669343,
    "swin40Time": 143,
    "swin45Rate": 0.09309791332263243,
    "swin45Time": 116,
    "swin50Rate": 0.07704654895666131,
    "swin50Time": 96,
    "swin55Rate": 0.060995184590690206,
    "swin55Time": 76,
    "swin5Rate": 0.5176565008025682,
    "swin5Time": 645,
    "swinRate": 0.5922953451043339,
    "swinTime": 738,
    "win": 0.29269631079124797,
    "win10Rate": 0.7712680577849117,
    "win10Time": 961,
    "win15Rate": 0.6725521669341894,
    "win15Time": 838,
    "win20Rate": 0.5754414125200642,
    "win20Time": 717,
    "win25Rate": 0.47913322632423755,
    "win25Time": 597,
    "win30Rate": 0.4012841091492777,
    "win30Time": 500,
    "win35Rate": 0.3146067415730337,
    "win35Time": 392,
    "win40Rate": 0.2536115569823435,
    "win40Time": 316,
    "win45Rate": 0.2014446227929374,
    "win45Time": 251,
    "win50Rate": 0.1637239165329053,
    "win50Time": 204,
    "win55Rate": 0.13001605136436598,
    "win55Time": 162,
    "win5Rate": 0.8820224719101124,
    "win5Time": 1099,
    "winRate": 0.48475120385232745,
    "winTime": 604,
    "yearRate": 0.7787970782323859
}