{
    "buyTime": 1364,
    "exp": 0.07672331196174664,
    "lose": -0.1215939104004523,
    "param": {
        "nextCMD": "D:/ProgramData/Anaconda3/python.exe findBetterParam.py nodeParam.json nodeRst.json",
        "trader": {
            "Class": "AverageTrader",
            "config": {
                "maxBuyLose": -0.9782256912182711,
                "maxDay": 27,
                "minBuyExp": 0.5487876268550518,
                "minBuyLose": -0.20056191892893493,
                "posDayCount": 91
            },
            "values": [
                [
                    "seller",
                    {
                        "Class": "SimpleSeller",
                        "config": {
                            "backSell": -0.1,
                            "loseSell": -0.2,
                            "maxDay": 27,
                            "winSell": 0.9
                        }
                    }
                ]
            ]
        }
    },
    "sSellDay": 24.43841642228739,
    "swin": 0.1572839428163153,
    "swin10Rate": 0.5645161290322581,
    "swin10Time": 770,
    "swin15Rate": 0.4934017595307918,
    "swin15Time": 673,
    "swin20Rate": 0.41348973607038125,
    "swin20Time": 564,
    "swin25Rate": 0.33724340175953077,
    "swin25Time": 460,
    "swin30Rate": 0.2697947214076246,
    "swin30Time": 368,
    "swin35Rate": 0.2155425219941349,
    "swin35Time": 294,
    "swin40Rate": 0.1627565982404692,
    "swin40Time": 222,
    "swin45Rate": 0.12903225806451613,
    "swin45Time": 176,
    "swin50Rate": 0.09897360703812316,
    "swin50Time": 135,
    "swin55Rate": 0.08211143695014662,
    "swin55Time": 112,
    "swin5Rate": 0.6488269794721407,
    "swin5Time": 885,
    "swinRate": 0.7133431085043989,
    "swinTime": 973,
    "win": 0.319911132762651,
    "win10Rate": 0.8306451612903226,
    "win10Time": 1133,
    "win15Rate": 0.7360703812316716,
    "win15Time": 1004,
    "win20Rate": 0.6378299120234604,
    "win20Time": 870,
    "win25Rate": 0.5425219941348973,
    "win25Time": 740,
    "win30Rate": 0.4560117302052786,
    "win30Time": 622,
    "win35Rate": 0.37609970674486803,
    "win35Time": 513,
    "win40Rate": 0.3035190615835777,
    "win40Time": 414,
    "win45Rate": 0.2368035190615836,
    "win45Time": 323,
    "win50Rate": 0.19134897360703812,
    "win50Time": 261,
    "win55Rate": 0.15835777126099707,
    "win55Time": 216,
    "win5Rate": 0.8936950146627566,
    "win5Time": 1219,
    "winRate": 0.6209677419354839,
    "winTime": 847,
    "yearRate": 1.5446232531454065
}