{
    "buyTime": 1335,
    "exp": 0.24086054631848486,
    "lose": -0.15759194342349928,
    "param": {
        "nextCMD": "C:/Python34/python.exe findBetterParam.py nodeParam.json nodeRst.json",
        "trader": {
            "Class": "AverageTrader",
            "config": {
                "maxBuyLose": -0.5051566503745545,
                "maxDay": 63,
                "minBuyExp": 0.6784949786034399,
                "minBuyLose": -0.21566029083546273,
                "posDayCount": 121
            },
            "values": [
                [
                    "seller",
                    {
                        "Class": "SimpleSeller",
                        "config": {
                            "backSell": -0.1,
                            "loseSell": -0.2,
                            "maxDay": 63,
                            "winSell": 0.9
                        }
                    }
                ]
            ]
        }
    },
    "sSellDay": 52.94606741573034,
    "swin": 0.2579683767091815,
    "swin10Rate": 0.6479400749063671,
    "swin10Time": 865,
    "swin15Rate": 0.6142322097378277,
    "swin15Time": 820,
    "swin20Rate": 0.5655430711610487,
    "swin20Time": 755,
    "swin25Rate": 0.5093632958801498,
    "swin25Time": 680,
    "swin30Rate": 0.45318352059925093,
    "swin30Time": 605,
    "swin35Rate": 0.3940074906367041,
    "swin35Time": 526,
    "swin40Rate": 0.3303370786516854,
    "swin40Time": 441,
    "swin45Rate": 0.28164794007490634,
    "swin45Time": 376,
    "swin50Rate": 0.24569288389513108,
    "swin50Time": 328,
    "swin55Rate": 0.19775280898876405,
    "swin55Time": 264,
    "swin5Rate": 0.6801498127340824,
    "swin5Time": 908,
    "swinRate": 0.7146067415730337,
    "swinTime": 954,
    "win": 0.5560444331654831,
    "win10Rate": 0.8906367041198502,
    "win10Time": 1189,
    "win15Rate": 0.8726591760299626,
    "win15Time": 1165,
    "win20Rate": 0.8471910112359551,
    "win20Time": 1131,
    "win25Rate": 0.8247191011235955,
    "win25Time": 1101,
    "win30Rate": 0.7925093632958802,
    "win30Time": 1058,
    "win35Rate": 0.7595505617977528,
    "win35Time": 1014,
    "win40Rate": 0.7078651685393258,
    "win40Time": 945,
    "win45Rate": 0.6397003745318353,
    "win45Time": 854,
    "win50Rate": 0.5625468164794007,
    "win50Time": 751,
    "win55Rate": 0.48314606741573035,
    "win55Time": 645,
    "win5Rate": 0.9258426966292135,
    "win5Time": 1236,
    "winRate": 0.755056179775281,
    "winTime": 1008,
    "yearRate": 1.1693486113722076
}