{
    "buyTime": 1448,
    "exp": 0.14001931907984785,
    "lose": -0.1122901469750335,
    "param": {
        "nextCMD": "C:/Python34/python.exe findBetterParam.py nodeParam.json nodeRst.json",
        "trader": {
            "Class": "AverageTrader",
            "config": {
                "maxBuyLose": -0.6887431096364651,
                "maxDay": 30,
                "minBuyExp": 0.55518385671668,
                "minBuyLose": -0.14672915417411758,
                "posDayCount": 75
            },
            "values": [
                [
                    "seller",
                    {
                        "Class": "SimpleSeller",
                        "config": {
                            "backSell": -0.1,
                            "loseSell": -0.2,
                            "maxDay": 30,
                            "winSell": 0.9
                        }
                    }
                ]
            ]
        }
    },
    "sSellDay": 27.24378453038674,
    "swin": 0.19735575303341943,
    "swin10Rate": 0.6519337016574586,
    "swin10Time": 944,
    "swin15Rate": 0.5814917127071824,
    "swin15Time": 842,
    "swin20Rate": 0.4958563535911602,
    "swin20Time": 718,
    "swin25Rate": 0.417817679558011,
    "swin25Time": 605,
    "swin30Rate": 0.3356353591160221,
    "swin30Time": 486,
    "swin35Rate": 0.2617403314917127,
    "swin35Time": 379,
    "swin40Rate": 0.2085635359116022,
    "swin40Time": 302,
    "swin45Rate": 0.162292817679558,
    "swin45Time": 235,
    "swin50Rate": 0.12845303867403315,
    "swin50Time": 186,
    "swin55Rate": 0.10151933701657459,
    "swin55Time": 147,
    "swin5Rate": 0.6947513812154696,
    "swin5Time": 1006,
    "swinRate": 0.7430939226519337,
    "swinTime": 1076,
    "win": 0.36459961302991456,
    "win10Rate": 0.8584254143646409,
    "win10Time": 1243,
    "win15Rate": 0.7928176795580111,
    "win15Time": 1148,
    "win20Rate": 0.7154696132596685,
    "win20Time": 1036,
    "win25Rate": 0.6319060773480663,
    "win25Time": 915,
    "win30Rate": 0.539364640883978,
    "win30Time": 781,
    "win35Rate": 0.4447513812154696,
    "win35Time": 644,
    "win40Rate": 0.3687845303867403,
    "win40Time": 534,
    "win45Rate": 0.305939226519337,
    "win45Time": 443,
    "win50Rate": 0.24861878453038674,
    "win50Time": 360,
    "win55Rate": 0.20165745856353592,
    "win55Time": 292,
    "win5Rate": 0.9109116022099447,
    "win5Time": 1319,
    "winRate": 0.6871546961325967,
    "winTime": 995,
    "yearRate": 1.7385756620997723
}