{
    "buyTime": 1351,
    "exp": -0.03076407429084586,
    "lose": -0.11724705901276251,
    "param": {
        "nextCMD": "D:/ProgramData/Anaconda3/python.exe findBetterParam.py nodeParam.json nodeRst.json",
        "trader": {
            "Class": "AverageTrader",
            "config": {
                "maxBuyLose": -0.7694313505467332,
                "maxDay": 17,
                "minBuyExp": 0.4429475451604912,
                "minBuyLose": -0.2574459192852214,
                "posDayCount": 125
            },
            "values": [
                [
                    "seller",
                    {
                        "Class": "SimpleSeller",
                        "config": {
                            "backSell": -0.1,
                            "loseSell": -0.2,
                            "maxDay": 17,
                            "winSell": 0.9
                        }
                    }
                ]
            ]
        }
    },
    "sSellDay": 16.14581791265729,
    "swin": 0.057649077875016275,
    "swin10Rate": 0.3619541080680977,
    "swin10Time": 489,
    "swin15Rate": 0.2664692820133235,
    "swin15Time": 360,
    "swin20Rate": 0.18134715025906736,
    "swin20Time": 245,
    "swin25Rate": 0.11695040710584752,
    "swin25Time": 158,
    "swin30Rate": 0.07549962990377498,
    "swin30Time": 102,
    "swin35Rate": 0.05181347150259067,
    "swin35Time": 70,
    "swin40Rate": 0.037009622501850484,
    "swin40Time": 50,
    "swin45Rate": 0.025906735751295335,
    "swin45Time": 35,
    "swin50Rate": 0.017024426350851222,
    "swin50Time": 23,
    "swin55Rate": 0.014063656550703183,
    "swin55Time": 19,
    "swin5Rate": 0.49740932642487046,
    "swin5Time": 672,
    "swinRate": 0.6032568467801629,
    "swinTime": 815,
    "win": 0.2037300437346784,
    "win10Rate": 0.7165062916358254,
    "win10Time": 968,
    "win15Rate": 0.5581051073279053,
    "win15Time": 754,
    "win20Rate": 0.4071058475203553,
    "win20Time": 550,
    "win25Rate": 0.2997779422649889,
    "win25Time": 405,
    "win30Rate": 0.21021465581051074,
    "win30Time": 284,
    "win35Rate": 0.14507772020725387,
    "win35Time": 196,
    "win40Rate": 0.10436713545521836,
    "win40Time": 141,
    "win45Rate": 0.07179866765358993,
    "win45Time": 97,
    "win50Rate": 0.05477424130273871,
    "win50Time": 74,
    "win55Rate": 0.0384900074019245,
    "win55Time": 52,
    "win5Rate": 0.8608438193930422,
    "win5Time": 1163,
    "winRate": 0.44929681717246484,
    "winTime": 607,
    "yearRate": 0.8569264663363718
}