{
    "buyTime": 1385,
    "exp": 0.1289417885235543,
    "lose": -0.11966608652787326,
    "param": {
        "nextCMD": "C:/Python34/python.exe findBetterParam.py nodeParam.json nodeRst.json",
        "trader": {
            "Class": "AverageTrader",
            "config": {
                "maxBuyLose": -0.36590481695682886,
                "maxDay": 31,
                "minBuyExp": 0.5053451982914381,
                "minBuyLose": -0.15857918205939775,
                "posDayCount": 73
            },
            "values": [
                [
                    "seller",
                    {
                        "Class": "SimpleSeller",
                        "config": {
                            "backSell": -0.1,
                            "loseSell": -0.2,
                            "maxDay": 31,
                            "winSell": 0.9
                        }
                    }
                ]
            ]
        }
    },
    "sSellDay": 27.67148014440433,
    "swin": 0.19867683804679914,
    "swin10Rate": 0.644043321299639,
    "swin10Time": 892,
    "swin15Rate": 0.5797833935018051,
    "swin15Time": 803,
    "swin20Rate": 0.5075812274368231,
    "swin20Time": 703,
    "swin25Rate": 0.4332129963898917,
    "swin25Time": 600,
    "swin30Rate": 0.3422382671480144,
    "swin30Time": 474,
    "swin35Rate": 0.2851985559566787,
    "swin35Time": 395,
    "swin40Rate": 0.22310469314079423,
    "swin40Time": 309,
    "swin45Rate": 0.17906137184115523,
    "swin45Time": 248,
    "swin50Rate": 0.14296028880866427,
    "swin50Time": 198,
    "swin55Rate": 0.10541516245487365,
    "swin55Time": 146,
    "swin5Rate": 0.691696750902527,
    "swin5Time": 958,
    "swinRate": 0.7321299638989169,
    "swinTime": 1014,
    "win": 0.36827396157930015,
    "win10Rate": 0.8469314079422383,
    "win10Time": 1173,
    "win15Rate": 0.7884476534296029,
    "win15Time": 1092,
    "win20Rate": 0.7148014440433214,
    "win20Time": 990,
    "win25Rate": 0.6418772563176895,
    "win25Time": 889,
    "win30Rate": 0.5509025270758122,
    "win30Time": 763,
    "win35Rate": 0.4620938628158845,
    "win35Time": 640,
    "win40Rate": 0.37978339350180507,
    "win40Time": 526,
    "win45Rate": 0.311913357400722,
    "win45Time": 432,
    "win50Rate": 0.25415162454873647,
    "win50Time": 352,
    "win55Rate": 0.21371841155234658,
    "win55Time": 296,
    "win5Rate": 0.9003610108303249,
    "win5Time": 1247,
    "winRate": 0.68014440433213,
    "winTime": 942,
    "yearRate": 1.723161929987111
}