{
    "buyTime": 1712,
    "exp": 0.028233431298321086,
    "lose": -0.09656629421507636,
    "param": {
        "nextCMD": "C:/Python34/python.exe findBetterParam.py nodeParam.json nodeRst.json",
        "trader": {
            "Class": "AverageTrader",
            "config": {
                "maxBuyLose": -0.9802870659667385,
                "maxDay": 17,
                "minBuyExp": 0.5978003324194108,
                "minBuyLose": -0.11305936423896984,
                "posDayCount": 77
            },
            "values": [
                [
                    "seller",
                    {
                        "Class": "SimpleSeller",
                        "config": {
                            "backSell": -0.1,
                            "loseSell": -0.2,
                            "maxDay": 17,
                            "winSell": 0.9
                        }
                    }
                ]
            ]
        }
    },
    "sSellDay": 16.050817757009344,
    "swin": 0.09559252469311529,
    "swin10Rate": 0.5093457943925234,
    "swin10Time": 872,
    "swin15Rate": 0.3557242990654206,
    "swin15Time": 609,
    "swin20Rate": 0.2330607476635514,
    "swin20Time": 399,
    "swin25Rate": 0.1530373831775701,
    "swin25Time": 262,
    "swin30Rate": 0.10105140186915888,
    "swin30Time": 173,
    "swin35Rate": 0.07067757009345794,
    "swin35Time": 121,
    "swin40Rate": 0.04848130841121495,
    "swin40Time": 83,
    "swin45Rate": 0.029205607476635514,
    "swin45Time": 50,
    "swin50Rate": 0.016355140186915886,
    "swin50Time": 28,
    "swin55Rate": 0.014018691588785047,
    "swin55Time": 24,
    "swin5Rate": 0.6635514018691588,
    "swin5Time": 1136,
    "swinRate": 0.741822429906542,
    "swinTime": 1270,
    "win": 0.22136601972847358,
    "win10Rate": 0.768107476635514,
    "win10Time": 1315,
    "win15Rate": 0.6477803738317757,
    "win15Time": 1109,
    "win20Rate": 0.5035046728971962,
    "win20Time": 862,
    "win25Rate": 0.3580607476635514,
    "win25Time": 613,
    "win30Rate": 0.254088785046729,
    "win30Time": 435,
    "win35Rate": 0.17698598130841123,
    "win35Time": 303,
    "win40Rate": 0.1302570093457944,
    "win40Time": 223,
    "win45Rate": 0.08820093457943926,
    "win45Time": 151,
    "win50Rate": 0.0566588785046729,
    "win50Time": 97,
    "win55Rate": 0.04088785046728972,
    "win55Time": 70,
    "win5Rate": 0.8586448598130841,
    "win5Time": 1470,
    "winRate": 0.6092289719626168,
    "winTime": 1043,
    "yearRate": 1.4293481038577536
}