{
    "buyTime": 1283,
    "exp": 0.11305223631417896,
    "lose": -0.11336650338843235,
    "param": {
        "nextCMD": "C:/Python34/python.exe findBetterParam.py nodeParam.json nodeRst.json",
        "trader": {
            "Class": "AverageTrader",
            "config": {
                "maxBuyLose": -0.5331411099322501,
                "maxDay": 28,
                "minBuyExp": 0.6821293253924186,
                "minBuyLose": -0.17644370253897446,
                "posDayCount": 93
            },
            "values": [
                [
                    "seller",
                    {
                        "Class": "SimpleSeller",
                        "config": {
                            "backSell": -0.1,
                            "loseSell": -0.2,
                            "maxDay": 28,
                            "winSell": 0.9
                        }
                    }
                ]
            ]
        }
    },
    "sSellDay": 25.561184723304756,
    "swin": 0.17919950347338892,
    "swin10Rate": 0.607950116913484,
    "swin10Time": 780,
    "swin15Rate": 0.5300077942322681,
    "swin15Time": 680,
    "swin20Rate": 0.4466095089633671,
    "swin20Time": 573,
    "swin25Rate": 0.36632891660171474,
    "swin25Time": 470,
    "swin30Rate": 0.3016367887763055,
    "swin30Time": 387,
    "swin35Rate": 0.24395946999220577,
    "swin35Time": 313,
    "swin40Rate": 0.18939984411535463,
    "swin40Time": 243,
    "swin45Rate": 0.15276695245518315,
    "swin45Time": 196,
    "swin50Rate": 0.11769290724863601,
    "swin50Time": 151,
    "swin55Rate": 0.09041309431021044,
    "swin55Time": 116,
    "swin5Rate": 0.6812159002338269,
    "swin5Time": 874,
    "swinRate": 0.7388932190179267,
    "swinTime": 948,
    "win": 0.3397852430910438,
    "win10Rate": 0.8448947778643804,
    "win10Time": 1084,
    "win15Rate": 0.7614964925954794,
    "win15Time": 977,
    "win20Rate": 0.6757599376461418,
    "win20Time": 867,
    "win25Rate": 0.5837879968823071,
    "win25Time": 749,
    "win30Rate": 0.49181605611847234,
    "win30Time": 631,
    "win35Rate": 0.4123148869836321,
    "win35Time": 529,
    "win40Rate": 0.33359314107560406,
    "win40Time": 428,
    "win45Rate": 0.2657833203429462,
    "win45Time": 341,
    "win50Rate": 0.2182385035074045,
    "win50Time": 280,
    "win55Rate": 0.17770849571317227,
    "win55Time": 228,
    "win5Rate": 0.9033515198752923,
    "win5Time": 1159,
    "winRate": 0.6593920498830865,
    "winTime": 846,
    "yearRate": 1.6825464585920389
}