{
    "buyTime": 1151,
    "exp": 0.2639947276535214,
    "lose": -0.15260090768264492,
    "param": {
        "nextCMD": "D:/ProgramData/Anaconda3/python.exe findBetterParam.py nodeParam.json nodeRst.json",
        "trader": {
            "Class": "AverageTrader",
            "config": {
                "maxBuyLose": -0.7898049685498061,
                "maxDay": 63,
                "minBuyExp": 0.4468826876475842,
                "minBuyLose": -0.20686951256283448,
                "posDayCount": 76
            },
            "values": [
                [
                    "seller",
                    {
                        "Class": "SimpleSeller",
                        "config": {
                            "backSell": -0.1,
                            "loseSell": -0.2,
                            "maxDay": 63,
                            "winSell": 0.9
                        }
                    }
                ]
            ]
        }
    },
    "sSellDay": 51.58384013900956,
    "swin": 0.21999924197430368,
    "swin10Rate": 0.5612510860121633,
    "swin10Time": 646,
    "swin15Rate": 0.5178105994787141,
    "swin15Time": 596,
    "swin20Rate": 0.4795829713292789,
    "swin20Time": 552,
    "swin25Rate": 0.4317984361424848,
    "swin25Time": 497,
    "swin30Rate": 0.38575152041702865,
    "swin30Time": 444,
    "swin35Rate": 0.3353605560382276,
    "swin35Time": 386,
    "swin40Rate": 0.29105125977410945,
    "swin40Time": 335,
    "swin45Rate": 0.2536924413553432,
    "swin45Time": 292,
    "swin50Rate": 0.2215464813205908,
    "swin50Time": 255,
    "swin55Rate": 0.18505647263249347,
    "swin55Time": 213,
    "swin5Rate": 0.6029539530842746,
    "swin5Time": 694,
    "swinRate": 0.6490008688097306,
    "swinTime": 747,
    "win": 0.5691965430188104,
    "win10Rate": 0.9261511728931364,
    "win10Time": 1066,
    "win15Rate": 0.9000868809730669,
    "win15Time": 1036,
    "win20Rate": 0.8644656820156386,
    "win20Time": 995,
    "win25Rate": 0.8262380538662033,
    "win25Time": 951,
    "win30Rate": 0.7793223284100782,
    "win30Time": 897,
    "win35Rate": 0.735881841876629,
    "win35Time": 847,
    "win40Rate": 0.6698523023457863,
    "win40Time": 771,
    "win45Rate": 0.6168549087749783,
    "win45Time": 710,
    "win50Rate": 0.5499565595134666,
    "win50Time": 633,
    "win55Rate": 0.48653344917463076,
    "win55Time": 560,
    "win5Rate": 0.950477845351868,
    "win5Time": 1094,
    "winRate": 0.7289313640312771,
    "winTime": 839,
    "yearRate": 1.0235728462934608
}