{
    "buyTime": 1208,
    "exp": 0.24465015526644443,
    "lose": -0.16545819987805405,
    "param": {
        "nextCMD": "C:/Python34/python.exe findBetterParam.py nodeParam.json nodeRst.json",
        "trader": {
            "Class": "AverageTrader",
            "config": {
                "maxBuyLose": -0.5284658725028548,
                "maxDay": 72,
                "minBuyExp": 0.5902102700591235,
                "minBuyLose": -0.2560168822764081,
                "posDayCount": 138
            },
            "values": [
                [
                    "seller",
                    {
                        "Class": "SimpleSeller",
                        "config": {
                            "backSell": -0.1,
                            "loseSell": -0.2,
                            "maxDay": 72,
                            "winSell": 0.9
                        }
                    }
                ]
            ]
        }
    },
    "sSellDay": 59.729304635761586,
    "swin": 0.2662445274344828,
    "swin10Rate": 0.6465231788079471,
    "swin10Time": 781,
    "swin15Rate": 0.6175496688741722,
    "swin15Time": 746,
    "swin20Rate": 0.5778145695364238,
    "swin20Time": 698,
    "swin25Rate": 0.5115894039735099,
    "swin25Time": 618,
    "swin30Rate": 0.46357615894039733,
    "swin30Time": 560,
    "swin35Rate": 0.41307947019867547,
    "swin35Time": 499,
    "swin40Rate": 0.35513245033112584,
    "swin40Time": 429,
    "swin45Rate": 0.3021523178807947,
    "swin45Time": 365,
    "swin50Rate": 0.2599337748344371,
    "swin50Time": 314,
    "swin55Rate": 0.21357615894039736,
    "swin55Time": 258,
    "swin5Rate": 0.6771523178807947,
    "swin5Time": 818,
    "swinRate": 0.7052980132450332,
    "swinTime": 852,
    "win": 0.5755665550225526,
    "win10Rate": 0.9130794701986755,
    "win10Time": 1103,
    "win15Rate": 0.8932119205298014,
    "win15Time": 1079,
    "win20Rate": 0.8708609271523179,
    "win20Time": 1052,
    "win25Rate": 0.8543046357615894,
    "win25Time": 1032,
    "win30Rate": 0.8187086092715232,
    "win30Time": 989,
    "win35Rate": 0.7789735099337748,
    "win35Time": 941,
    "win40Rate": 0.722682119205298,
    "win40Time": 873,
    "win45Rate": 0.6432119205298014,
    "win45Time": 777,
    "win50Rate": 0.5769867549668874,
    "win50Time": 697,
    "win55Rate": 0.5,
    "win55Time": 604,
    "win5Rate": 0.9412251655629139,
    "win5Time": 1137,
    "winRate": 0.7491721854304636,
    "winTime": 905,
    "yearRate": 1.0698046289662975
}