{
    "buyTime": 1362,
    "exp": 0.11738297176955095,
    "lose": -0.11186696108399942,
    "param": {
        "nextCMD": "C:/Python34/python.exe findBetterParam.py nodeParam.json nodeRst.json",
        "trader": {
            "Class": "AverageTrader",
            "config": {
                "maxBuyLose": -0.9255279521393749,
                "maxDay": 27,
                "minBuyExp": 0.5084072714764758,
                "minBuyLose": -0.18218366110151374,
                "posDayCount": 77
            },
            "values": [
                [
                    "seller",
                    {
                        "Class": "SimpleSeller",
                        "config": {
                            "backSell": -0.1,
                            "loseSell": -0.2,
                            "maxDay": 27,
                            "winSell": 0.9
                        }
                    }
                ]
            ]
        }
    },
    "sSellDay": 24.798825256975036,
    "swin": 0.18342984063254755,
    "swin10Rate": 0.6262848751835536,
    "swin10Time": 853,
    "swin15Rate": 0.5491923641703378,
    "swin15Time": 748,
    "swin20Rate": 0.46769456681350957,
    "swin20Time": 637,
    "swin25Rate": 0.3751835535976505,
    "swin25Time": 511,
    "swin30Rate": 0.2988252569750367,
    "swin30Time": 407,
    "swin35Rate": 0.23715124816446403,
    "swin35Time": 323,
    "swin40Rate": 0.1776798825256975,
    "swin40Time": 242,
    "swin45Rate": 0.13656387665198239,
    "swin45Time": 186,
    "swin50Rate": 0.1027900146842878,
    "swin50Time": 140,
    "swin55Rate": 0.0881057268722467,
    "swin55Time": 120,
    "swin5Rate": 0.6989720998531571,
    "swin5Time": 952,
    "swinRate": 0.750367107195301,
    "swinTime": 1022,
    "win": 0.34111689393755,
    "win10Rate": 0.8590308370044053,
    "win10Time": 1170,
    "win15Rate": 0.78928046989721,
    "win15Time": 1075,
    "win20Rate": 0.697503671071953,
    "win20Time": 950,
    "win25Rate": 0.6005873715124816,
    "win25Time": 818,
    "win30Rate": 0.5029368575624082,
    "win30Time": 685,
    "win35Rate": 0.4118942731277533,
    "win35Time": 561,
    "win40Rate": 0.3237885462555066,
    "win40Time": 441,
    "win45Rate": 0.2525697503671072,
    "win45Time": 344,
    "win50Rate": 0.2011747430249633,
    "win50Time": 274,
    "win55Rate": 0.1644640234948605,
    "win55Time": 224,
    "win5Rate": 0.9148311306901615,
    "win5Time": 1246,
    "winRate": 0.6732745961820852,
    "winTime": 917,
    "yearRate": 1.7752115794045225
}