{
    "buyTime": 1279,
    "exp": 0.42257223053525106,
    "lose": -0.1799712093167694,
    "param": {
        "nextCMD": "C:/Python34/python.exe findBetterParam.py nodeParam.json nodeRst.json",
        "trader": {
            "Class": "AverageTrader",
            "config": {
                "maxBuyLose": -0.7872843004607915,
                "maxDay": 106,
                "minBuyExp": 0.6466774339481867,
                "minBuyLose": -0.24544640627334502,
                "posDayCount": 137
            },
            "values": [
                [
                    "seller",
                    {
                        "Class": "SimpleSeller",
                        "config": {
                            "backSell": -0.1,
                            "loseSell": -0.2,
                            "maxDay": 106,
                            "winSell": 0.9
                        }
                    }
                ]
            ]
        }
    },
    "sSellDay": 78.17982799061767,
    "swin": 0.39752918598624276,
    "swin10Rate": 0.6606724003127443,
    "swin10Time": 845,
    "swin15Rate": 0.6497263487099296,
    "swin15Time": 831,
    "swin20Rate": 0.6270523846755277,
    "swin20Time": 802,
    "swin25Rate": 0.6090695856137608,
    "swin25Time": 779,
    "swin30Rate": 0.5949960906958561,
    "swin30Time": 761,
    "swin35Rate": 0.5699765441751369,
    "swin35Time": 729,
    "swin40Rate": 0.5371383893666928,
    "swin40Time": 687,
    "swin45Rate": 0.5074276778733385,
    "swin45Time": 649,
    "swin50Rate": 0.47068021892103207,
    "swin50Time": 602,
    "swin55Rate": 0.4292415949960907,
    "swin55Time": 549,
    "swin5Rate": 0.6802189210320563,
    "swin5Time": 870,
    "swinRate": 0.6989835809225958,
    "swinTime": 894,
    "win": 0.7825146491687904,
    "win10Rate": 0.9139953088350273,
    "win10Time": 1169,
    "win15Rate": 0.9014855355746677,
    "win15Time": 1153,
    "win20Rate": 0.8827208756841283,
    "win20Time": 1129,
    "win25Rate": 0.8647380766223612,
    "win25Time": 1106,
    "win30Rate": 0.8412822517591869,
    "win30Time": 1076,
    "win35Rate": 0.8217357310398749,
    "win35Time": 1051,
    "win40Rate": 0.7959343236903831,
    "win40Time": 1018,
    "win45Rate": 0.7607505863956215,
    "win45Time": 973,
    "win50Rate": 0.72556684910086,
    "win50Time": 928,
    "win55Rate": 0.6684910086004691,
    "win55Time": 855,
    "win5Rate": 0.946051602814699,
    "win5Time": 1210,
    "winRate": 0.7795152462861611,
    "winTime": 997,
    "yearRate": 1.2203532175607756
}