{
    "buyTime": 1037,
    "exp": 0.3226982700949297,
    "lose": -0.13788482042748657,
    "param": {
        "nextCMD": "C:/Python34/python.exe findBetterParam.py nodeParam.json nodeRst.json",
        "trader": {
            "Class": "AverageTrader",
            "config": {
                "maxBuyLose": -0.6666895279578697,
                "maxDay": 64,
                "minBuyExp": 0.6724329230930323,
                "minBuyLose": -0.17695723003311192,
                "posDayCount": 82
            },
            "values": [
                [
                    "seller",
                    {
                        "Class": "SimpleSeller",
                        "config": {
                            "backSell": -0.1,
                            "loseSell": -0.2,
                            "maxDay": 64,
                            "winSell": 0.9
                        }
                    }
                ]
            ]
        }
    },
    "sSellDay": 54.17936354869817,
    "swin": 0.21850016687405766,
    "swin10Rate": 0.5486981677917069,
    "swin10Time": 569,
    "swin15Rate": 0.49373191899710706,
    "swin15Time": 512,
    "swin20Rate": 0.4455159112825458,
    "swin20Time": 462,
    "swin25Rate": 0.4059787849566056,
    "swin25Time": 421,
    "swin30Rate": 0.3471552555448409,
    "swin30Time": 360,
    "swin35Rate": 0.30279652844744454,
    "swin35Time": 314,
    "swin40Rate": 0.25940212150433944,
    "swin40Time": 269,
    "swin45Rate": 0.2304725168756027,
    "swin45Time": 239,
    "swin50Rate": 0.20540019286403086,
    "swin50Time": 213,
    "swin55Rate": 0.1880424300867888,
    "swin55Time": 195,
    "swin5Rate": 0.5969141755062681,
    "swin5Time": 619,
    "swinRate": 0.6432015429122468,
    "swinTime": 667,
    "win": 0.598467910949902,
    "win10Rate": 0.9276759884281581,
    "win10Time": 962,
    "win15Rate": 0.9016393442622951,
    "win15Time": 935,
    "win20Rate": 0.8717454194792671,
    "win20Time": 904,
    "win25Rate": 0.8379942140790743,
    "win25Time": 869,
    "win30Rate": 0.793635486981678,
    "win30Time": 823,
    "win35Rate": 0.7608486017357763,
    "win35Time": 789,
    "win40Rate": 0.7068466730954677,
    "win40Time": 733,
    "win45Rate": 0.6538090646094503,
    "win45Time": 678,
    "win50Rate": 0.5872709739633558,
    "win50Time": 609,
    "win55Rate": 0.523625843780135,
    "win55Time": 543,
    "win5Rate": 0.9450337512054002,
    "win5Time": 980,
    "winRate": 0.7550626808100289,
    "winTime": 783,
    "yearRate": 0.9678969374130619
}