{
    "buyTime": 1573,
    "exp": 0.2678772091463333,
    "lose": -0.17239951618256383,
    "param": {
        "nextCMD": "C:/Python34/python.exe findBetterParam.py nodeParam.json nodeRst.json",
        "trader": {
            "Class": "AverageTrader",
            "config": {
                "maxBuyLose": -0.6696792959413413,
                "maxDay": 82,
                "minBuyExp": 0.584226811898584,
                "minBuyLose": -0.2525372740960383,
                "posDayCount": 150
            },
            "values": [
                [
                    "seller",
                    {
                        "Class": "SimpleSeller",
                        "config": {
                            "backSell": -0.1,
                            "loseSell": -0.2,
                            "maxDay": 82,
                            "winSell": 0.9
                        }
                    }
                ]
            ]
        }
    },
    "sSellDay": 66.12269548633185,
    "swin": 0.3081016844149067,
    "swin10Rate": 0.6484424666242848,
    "swin10Time": 1020,
    "swin15Rate": 0.6300063572790846,
    "swin15Time": 991,
    "swin20Rate": 0.6026700572155118,
    "swin20Time": 948,
    "swin25Rate": 0.5664335664335665,
    "swin25Time": 891,
    "swin30Rate": 0.5308328035600763,
    "swin30Time": 835,
    "swin35Rate": 0.4844246662428481,
    "swin35Time": 762,
    "swin40Rate": 0.4405594405594406,
    "swin40Time": 693,
    "swin45Rate": 0.3897012078830261,
    "swin45Time": 613,
    "swin50Rate": 0.33439287984742533,
    "swin50Time": 526,
    "swin55Rate": 0.28862047043865224,
    "swin55Time": 454,
    "swin5Rate": 0.6668785759694851,
    "swin5Time": 1049,
    "swinRate": 0.6853146853146853,
    "swinTime": 1078,
    "win": 0.6126762415114616,
    "win10Rate": 0.9109980928162746,
    "win10Time": 1433,
    "win15Rate": 0.8900190718372537,
    "win15Time": 1400,
    "win20Rate": 0.8645899554990464,
    "win20Time": 1360,
    "win25Rate": 0.8448823903369358,
    "win25Time": 1329,
    "win30Rate": 0.8169103623649078,
    "win30Time": 1285,
    "win35Rate": 0.7774952320406866,
    "win35Time": 1223,
    "win40Rate": 0.7285441830896376,
    "win40Time": 1146,
    "win45Rate": 0.6617927527018436,
    "win45Time": 1041,
    "win50Rate": 0.6058486967577876,
    "win50Time": 953,
    "win55Rate": 0.5352828989192625,
    "win55Time": 842,
    "win5Rate": 0.94723458359822,
    "win5Time": 1490,
    "winRate": 0.7380801017164653,
    "winTime": 1161,
    "yearRate": 1.1182908336648583
}