{
    "buyTime": 1074,
    "exp": 0.41158703177177414,
    "lose": -0.17685296087152277,
    "param": {
        "nextCMD": "C:/Python34/python.exe findBetterParam.py nodeParam.json nodeRst.json",
        "trader": {
            "Class": "AverageTrader",
            "config": {
                "maxBuyLose": -0.7673409416805858,
                "maxDay": 107,
                "minBuyExp": 0.6144528192096508,
                "minBuyLose": -0.2625784586957485,
                "posDayCount": 140
            },
            "values": [
                [
                    "seller",
                    {
                        "Class": "SimpleSeller",
                        "config": {
                            "backSell": -0.1,
                            "loseSell": -0.2,
                            "maxDay": 107,
                            "winSell": 0.9
                        }
                    }
                ]
            ]
        }
    },
    "sSellDay": 79.22811918063314,
    "swin": 0.3862878897525976,
    "swin10Rate": 0.6620111731843575,
    "swin10Time": 711,
    "swin15Rate": 0.6471135940409684,
    "swin15Time": 695,
    "swin20Rate": 0.6256983240223464,
    "swin20Time": 672,
    "swin25Rate": 0.6061452513966481,
    "swin25Time": 651,
    "swin30Rate": 0.5800744878957169,
    "swin30Time": 623,
    "swin35Rate": 0.5558659217877095,
    "swin35Time": 597,
    "swin40Rate": 0.527001862197393,
    "swin40Time": 566,
    "swin45Rate": 0.49068901303538176,
    "swin45Time": 527,
    "swin50Rate": 0.45251396648044695,
    "swin50Time": 486,
    "swin55Rate": 0.409683426443203,
    "swin55Time": 440,
    "swin5Rate": 0.680633147113594,
    "swin5Time": 731,
    "swinRate": 0.7001862197392924,
    "swinTime": 752,
    "win": 0.7652929535148197,
    "win10Rate": 0.9217877094972067,
    "win10Time": 990,
    "win15Rate": 0.909683426443203,
    "win15Time": 977,
    "win20Rate": 0.8929236499068901,
    "win20Time": 959,
    "win25Rate": 0.8761638733705773,
    "win25Time": 941,
    "win30Rate": 0.8547486033519553,
    "win30Time": 918,
    "win35Rate": 0.8240223463687151,
    "win35Time": 885,
    "win40Rate": 0.7988826815642458,
    "win40Time": 858,
    "win45Rate": 0.7635009310986964,
    "win45Time": 820,
    "win50Rate": 0.7299813780260708,
    "win50Time": 784,
    "win55Rate": 0.6778398510242085,
    "win55Time": 728,
    "win5Rate": 0.9506517690875232,
    "win5Time": 1021,
    "winRate": 0.7839851024208566,
    "winTime": 842,
    "yearRate": 1.1701539112553567
}