{
    "buyTime": 1066,
    "exp": 0.27020576031524274,
    "lose": -0.15557552189778331,
    "param": {
        "nextCMD": "C:/Python34/python.exe findBetterParam.py nodeParam.json nodeRst.json",
        "trader": {
            "Class": "AverageTrader",
            "config": {
                "maxBuyLose": -0.9147760828295809,
                "maxDay": 69,
                "minBuyExp": 0.67516275768501,
                "minBuyLose": -0.25536423541377984,
                "posDayCount": 142
            },
            "values": [
                [
                    "seller",
                    {
                        "Class": "SimpleSeller",
                        "config": {
                            "backSell": -0.1,
                            "loseSell": -0.2,
                            "maxDay": 69,
                            "winSell": 0.9
                        }
                    }
                ]
            ]
        }
    },
    "sSellDay": 58.19606003752345,
    "swin": 0.27807234796570474,
    "swin10Rate": 0.6791744840525328,
    "swin10Time": 724,
    "swin15Rate": 0.6360225140712945,
    "swin15Time": 678,
    "swin20Rate": 0.5891181988742964,
    "swin20Time": 628,
    "swin25Rate": 0.5309568480300187,
    "swin25Time": 566,
    "swin30Rate": 0.4652908067542214,
    "swin30Time": 496,
    "swin35Rate": 0.4080675422138837,
    "swin35Time": 435,
    "swin40Rate": 0.34146341463414637,
    "swin40Time": 364,
    "swin45Rate": 0.29362101313320826,
    "swin45Time": 313,
    "swin50Rate": 0.24577861163227016,
    "swin50Time": 262,
    "swin55Rate": 0.20168855534709193,
    "swin55Time": 215,
    "swin5Rate": 0.7063789868667918,
    "swin5Time": 753,
    "swinRate": 0.7317073170731707,
    "swinTime": 780,
    "win": 0.5813568041108091,
    "win10Rate": 0.9146341463414634,
    "win10Time": 975,
    "win15Rate": 0.899624765478424,
    "win15Time": 959,
    "win20Rate": 0.8761726078799249,
    "win20Time": 934,
    "win25Rate": 0.8555347091932458,
    "win25Time": 912,
    "win30Rate": 0.8227016885553471,
    "win30Time": 877,
    "win35Rate": 0.7870544090056285,
    "win35Time": 839,
    "win40Rate": 0.7326454033771107,
    "win40Time": 781,
    "win45Rate": 0.6529080675422139,
    "win45Time": 696,
    "win50Rate": 0.5872420262664165,
    "win50Time": 626,
    "win55Rate": 0.5037523452157598,
    "win55Time": 537,
    "win5Rate": 0.9474671669793621,
    "win5Time": 1010,
    "winRate": 0.7636022514071295,
    "winTime": 814,
    "yearRate": 1.146767727381174
}