{
    "buyTime": 1827,
    "exp": -0.026423066857503837,
    "lose": -0.16511535974437264,
    "param": {
        "nextCMD": "D:/ProgramData/Anaconda3/python.exe findBetterParam.py nodeParam.json nodeRst.json",
        "trader": {
            "Class": "AverageTrader",
            "config": {
                "maxBuyLose": -0.8251523070387107,
                "maxDay": 37,
                "minBuyExp": 0.2461548772266251,
                "minBuyLose": -0.2462714073767031,
                "posDayCount": 97
            },
            "values": [
                [
                    "seller",
                    {
                        "Class": "SimpleSeller",
                        "config": {
                            "backSell": -0.1,
                            "loseSell": -0.2,
                            "maxDay": 37,
                            "winSell": 0.9
                        }
                    }
                ]
            ]
        }
    },
    "sSellDay": 30.617405582922824,
    "swin": 0.10335096913445616,
    "swin10Rate": 0.4849480021893815,
    "swin10Time": 886,
    "swin15Rate": 0.40339354132457583,
    "swin15Time": 737,
    "swin20Rate": 0.33825944170771755,
    "swin20Time": 618,
    "swin25Rate": 0.2687465790914067,
    "swin25Time": 491,
    "swin30Rate": 0.2112753147235906,
    "swin30Time": 386,
    "swin35Rate": 0.16748768472906403,
    "swin35Time": 306,
    "swin40Rate": 0.12862616310892172,
    "swin40Time": 235,
    "swin45Rate": 0.10399562123700054,
    "swin45Time": 190,
    "swin50Rate": 0.07881773399014778,
    "swin50Time": 144,
    "swin55Rate": 0.06349206349206349,
    "swin55Time": 116,
    "swin5Rate": 0.5665024630541872,
    "swin5Time": 1035,
    "swinRate": 0.6414887794198139,
    "swinTime": 1172,
    "win": 0.30380765263124093,
    "win10Rate": 0.8035030103995622,
    "win10Time": 1468,
    "win15Rate": 0.7022441160372195,
    "win15Time": 1283,
    "win20Rate": 0.6053639846743295,
    "win20Time": 1106,
    "win25Rate": 0.5030103995621237,
    "win25Time": 919,
    "win30Rate": 0.41598248494800216,
    "win30Time": 760,
    "win35Rate": 0.337712096332786,
    "win35Time": 617,
    "win40Rate": 0.2698412698412698,
    "win40Time": 493,
    "win45Rate": 0.21291735084838534,
    "win45Time": 389,
    "win50Rate": 0.17022441160372195,
    "win50Time": 311,
    "win55Rate": 0.13628899835796388,
    "win55Time": 249,
    "win5Rate": 0.8883415435139573,
    "win5Time": 1623,
    "winRate": 0.5150519978106185,
    "winTime": 941,
    "yearRate": 0.8101350235274113
}