{
    "buyTime": 2265,
    "exp": 0.07536684763691903,
    "lose": -0.14860000050539496,
    "param": {
        "nextCMD": "D:/ProgramData/Anaconda3/python.exe findBetterParam.py nodeParam.json nodeRst.json",
        "trader": {
            "Class": "AverageTrader",
            "config": {
                "maxBuyLose": -0.7549024620656641,
                "maxDay": 43,
                "minBuyExp": 0.6288433188135429,
                "minBuyLose": -0.10502504056734513,
                "posDayCount": 87
            },
            "values": [
                [
                    "seller",
                    {
                        "Class": "SimpleSeller",
                        "config": {
                            "backSell": -0.1,
                            "loseSell": -0.2,
                            "maxDay": 43,
                            "winSell": 0.9
                        }
                    }
                ]
            ]
        }
    },
    "sSellDay": 35.796909492273734,
    "swin": 0.15793431648620948,
    "swin10Rate": 0.5549668874172186,
    "swin10Time": 1257,
    "swin15Rate": 0.4975717439293598,
    "swin15Time": 1127,
    "swin20Rate": 0.43002207505518764,
    "swin20Time": 974,
    "swin25Rate": 0.3629139072847682,
    "swin25Time": 822,
    "swin30Rate": 0.30286975717439296,
    "swin30Time": 686,
    "swin35Rate": 0.23885209713024283,
    "swin35Time": 541,
    "swin40Rate": 0.1911699779249448,
    "swin40Time": 433,
    "swin45Rate": 0.15496688741721854,
    "swin45Time": 351,
    "swin50Rate": 0.12538631346578366,
    "swin50Time": 284,
    "swin55Rate": 0.10242825607064018,
    "swin55Time": 232,
    "swin5Rate": 0.6075055187637969,
    "swin5Time": 1376,
    "swinRate": 0.6565121412803532,
    "swinTime": 1487,
    "win": 0.3725668486477085,
    "win10Rate": 0.7871964679911699,
    "win10Time": 1783,
    "win15Rate": 0.7227373068432671,
    "win15Time": 1637,
    "win20Rate": 0.645916114790287,
    "win20Time": 1463,
    "win25Rate": 0.5867549668874172,
    "win25Time": 1329,
    "win30Rate": 0.5200883002207506,
    "win30Time": 1178,
    "win35Rate": 0.4565121412803532,
    "win35Time": 1034,
    "win40Rate": 0.3955849889624724,
    "win40Time": 896,
    "win45Rate": 0.33951434878587194,
    "win45Time": 769,
    "win50Rate": 0.28123620309050773,
    "win50Time": 637,
    "win55Rate": 0.2326710816777042,
    "win55Time": 527,
    "win5Rate": 0.8618101545253863,
    "win5Time": 1952,
    "winRate": 0.6061810154525387,
    "winTime": 1373,
    "yearRate": 1.0588689497028054
}