{
    "buyTime": 1046,
    "exp": 0.31063803698033077,
    "lose": -0.11506196989157343,
    "param": {
        "nextCMD": "C:/Python34/python.exe findBetterParam.py nodeParam.json nodeRst.json",
        "trader": {
            "Class": "AverageTrader",
            "config": {
                "maxBuyLose": -0.4254811864817497,
                "maxDay": 52,
                "minBuyExp": 0.638334771569672,
                "minBuyLose": -0.15165752187965337,
                "posDayCount": 74
            },
            "values": [
                [
                    "seller",
                    {
                        "Class": "SimpleSeller",
                        "config": {
                            "backSell": -0.1,
                            "loseSell": -0.2,
                            "maxDay": 52,
                            "winSell": 0.9
                        }
                    }
                ]
            ]
        }
    },
    "sSellDay": 44.8585086042065,
    "swin": 0.32650347941695923,
    "swin10Rate": 0.760038240917782,
    "swin10Time": 795,
    "swin15Rate": 0.7265774378585086,
    "swin15Time": 760,
    "swin20Rate": 0.6701720841300192,
    "swin20Time": 701,
    "swin25Rate": 0.6204588910133844,
    "swin25Time": 649,
    "swin30Rate": 0.5544933078393881,
    "swin30Time": 580,
    "swin35Rate": 0.47992351816443596,
    "swin35Time": 502,
    "swin40Rate": 0.4273422562141491,
    "swin40Time": 447,
    "swin45Rate": 0.3565965583173996,
    "swin45Time": 373,
    "swin50Rate": 0.2944550669216061,
    "swin50Time": 308,
    "swin55Rate": 0.24378585086042065,
    "swin55Time": 255,
    "swin5Rate": 0.7782026768642447,
    "swin5Time": 814,
    "swinRate": 0.8011472275334608,
    "swinTime": 838,
    "win": 0.5407619767634781,
    "win10Rate": 0.9110898661567878,
    "win10Time": 953,
    "win15Rate": 0.8814531548757171,
    "win15Time": 922,
    "win20Rate": 0.8527724665391969,
    "win20Time": 892,
    "win25Rate": 0.8212237093690249,
    "win25Time": 859,
    "win30Rate": 0.7667304015296367,
    "win30Time": 802,
    "win35Rate": 0.7151051625239006,
    "win35Time": 748,
    "win40Rate": 0.6434034416826003,
    "win40Time": 673,
    "win45Rate": 0.5783938814531548,
    "win45Time": 605,
    "win50Rate": 0.5162523900573613,
    "win50Time": 540,
    "win55Rate": 0.4464627151051625,
    "win55Time": 467,
    "win5Rate": 0.9330783938814532,
    "win5Time": 976,
    "winRate": 0.7954110898661568,
    "winTime": 832,
    "yearRate": 1.7468444114239259
}