{
    "buyTime": 3051,
    "exp": 0.2671036592170735,
    "lose": -0.2052516537839952,
    "param": {
        "nextCMD": "D:/ProgramData/Anaconda3/python.exe findBetterParam.py nodeParam.json nodeRst.json",
        "trader": {
            "Class": "AverageTrader",
            "config": {
                "maxBuyLose": -0.46246064186794367,
                "maxDay": 106,
                "minBuyExp": 0.5492138548570069,
                "minBuyLose": -0.19280356139707533,
                "posDayCount": 134
            },
            "values": [
                [
                    "seller",
                    {
                        "Class": "SimpleSeller",
                        "config": {
                            "backSell": -0.1,
                            "loseSell": -0.2,
                            "maxDay": 106,
                            "winSell": 0.9
                        }
                    }
                ]
            ]
        }
    },
    "sSellDay": 74.95968534906588,
    "swin": 0.28674002653531966,
    "swin10Rate": 0.5470337594231399,
    "swin10Time": 1669,
    "swin15Rate": 0.5309734513274337,
    "swin15Time": 1620,
    "swin20Rate": 0.5096689609963946,
    "swin20Time": 1555,
    "swin25Rate": 0.4919698459521468,
    "swin25Time": 1501,
    "swin30Rate": 0.4729596853490659,
    "swin30Time": 1443,
    "swin35Rate": 0.4523107177974435,
    "swin35Time": 1380,
    "swin40Rate": 0.42281219272369713,
    "swin40Time": 1290,
    "swin45Rate": 0.39331366764995085,
    "swin45Time": 1200,
    "swin50Rate": 0.36283185840707965,
    "swin50Time": 1107,
    "swin55Rate": 0.33300557194362507,
    "swin55Time": 1016,
    "swin5Rate": 0.5719436250409702,
    "swin5Time": 1745,
    "swinRate": 0.5965257292690921,
    "swinTime": 1820,
    "win": 0.6776069667850643,
    "win10Rate": 0.8672566371681416,
    "win10Time": 2646,
    "win15Rate": 0.8433300557194362,
    "win15Time": 2573,
    "win20Rate": 0.8095706325794821,
    "win20Time": 2470,
    "win25Rate": 0.7797443461160275,
    "win25Time": 2379,
    "win30Rate": 0.7420517862995739,
    "win30Time": 2264,
    "win35Rate": 0.7141920681743691,
    "win35Time": 2179,
    "win40Rate": 0.6810881678138315,
    "win40Time": 2078,
    "win45Rate": 0.6437233693870862,
    "win45Time": 1964,
    "win50Rate": 0.6024254342838413,
    "win50Time": 1838,
    "win55Rate": 0.5545722713864307,
    "win55Time": 1692,
    "win5Rate": 0.9154375614552606,
    "win5Time": 2793,
    "winRate": 0.6676499508357916,
    "winTime": 2037,
    "yearRate": 0.9180615693357402
}