{
    "buyTime": 1134,
    "exp": 0.30777376799210027,
    "lose": -0.11634779546169503,
    "param": {
        "nextCMD": "C:/Python34/python.exe findBetterParam.py nodeParam.json nodeRst.json",
        "trader": {
            "Class": "AverageTrader",
            "config": {
                "maxBuyLose": -0.3956282027636461,
                "maxDay": 52,
                "minBuyExp": 0.5857160765513804,
                "minBuyLose": -0.17132639409091288,
                "posDayCount": 76
            },
            "values": [
                [
                    "seller",
                    {
                        "Class": "SimpleSeller",
                        "config": {
                            "backSell": -0.1,
                            "loseSell": -0.2,
                            "maxDay": 52,
                            "winSell": 0.9
                        }
                    }
                ]
            ]
        }
    },
    "sSellDay": 45.032627865961196,
    "swin": 0.3245653120036653,
    "swin10Rate": 0.7610229276895943,
    "swin10Time": 863,
    "swin15Rate": 0.718694885361552,
    "swin15Time": 815,
    "swin20Rate": 0.6578483245149912,
    "swin20Time": 746,
    "swin25Rate": 0.607583774250441,
    "swin25Time": 689,
    "swin30Rate": 0.5414462081128748,
    "swin30Time": 614,
    "swin35Rate": 0.46825396825396826,
    "swin35Time": 531,
    "swin40Rate": 0.4126984126984127,
    "swin40Time": 468,
    "swin45Rate": 0.3474426807760141,
    "swin45Time": 394,
    "swin50Rate": 0.291005291005291,
    "swin50Time": 330,
    "swin55Rate": 0.24162257495590828,
    "swin55Time": 274,
    "swin5Rate": 0.7848324514991182,
    "swin5Time": 890,
    "swinRate": 0.8077601410934744,
    "swinTime": 916,
    "win": 0.5404693589154915,
    "win10Rate": 0.9162257495590829,
    "win10Time": 1039,
    "win15Rate": 0.8853615520282186,
    "win15Time": 1004,
    "win20Rate": 0.8536155202821869,
    "win20Time": 968,
    "win25Rate": 0.818342151675485,
    "win25Time": 928,
    "win30Rate": 0.7610229276895943,
    "win30Time": 863,
    "win35Rate": 0.7125220458553791,
    "win35Time": 808,
    "win40Rate": 0.63668430335097,
    "win40Time": 722,
    "win45Rate": 0.5714285714285714,
    "win45Time": 648,
    "win50Rate": 0.5097001763668431,
    "win50Time": 578,
    "win55Rate": 0.4409171075837742,
    "win55Time": 500,
    "win5Rate": 0.9417989417989417,
    "win5Time": 1068,
    "winRate": 0.7998236331569665,
    "winTime": 907,
    "yearRate": 1.729760810600144
}