{
    "buyTime": 1215,
    "exp": 0.3117283972935131,
    "lose": -0.12836350653180859,
    "param": {
        "nextCMD": "C:/Python34/python.exe findBetterParam.py nodeParam.json nodeRst.json",
        "trader": {
            "Class": "AverageTrader",
            "config": {
                "maxBuyLose": -0.41809918787367584,
                "maxDay": 60,
                "minBuyExp": 0.6340376479009895,
                "minBuyLose": -0.12805339364386287,
                "posDayCount": 74
            },
            "values": [
                [
                    "seller",
                    {
                        "Class": "SimpleSeller",
                        "config": {
                            "backSell": -0.1,
                            "loseSell": -0.2,
                            "maxDay": 60,
                            "winSell": 0.9
                        }
                    }
                ]
            ]
        }
    },
    "sSellDay": 50.05679012345679,
    "swin": 0.2831044578119488,
    "swin10Rate": 0.6411522633744856,
    "swin10Time": 779,
    "swin15Rate": 0.6074074074074074,
    "swin15Time": 738,
    "swin20Rate": 0.574485596707819,
    "swin20Time": 698,
    "swin25Rate": 0.5341563786008231,
    "swin25Time": 649,
    "swin30Rate": 0.48148148148148145,
    "swin30Time": 585,
    "swin35Rate": 0.4279835390946502,
    "swin35Time": 520,
    "swin40Rate": 0.3728395061728395,
    "swin40Time": 453,
    "swin45Rate": 0.3168724279835391,
    "swin45Time": 385,
    "swin50Rate": 0.27325102880658436,
    "swin50Time": 332,
    "swin55Rate": 0.22798353909465022,
    "swin55Time": 277,
    "swin5Rate": 0.6880658436213992,
    "swin5Time": 836,
    "swinRate": 0.7152263374485597,
    "swinTime": 869,
    "win": 0.5684554103571293,
    "win10Rate": 0.8979423868312757,
    "win10Time": 1091,
    "win15Rate": 0.8641975308641975,
    "win15Time": 1050,
    "win20Rate": 0.8329218106995885,
    "win20Time": 1012,
    "win25Rate": 0.8016460905349794,
    "win25Time": 974,
    "win30Rate": 0.7604938271604939,
    "win30Time": 924,
    "win35Rate": 0.7168724279835391,
    "win35Time": 871,
    "win40Rate": 0.6609053497942387,
    "win40Time": 803,
    "win45Rate": 0.6090534979423868,
    "win45Time": 740,
    "win50Rate": 0.5473251028806584,
    "win50Time": 665,
    "win55Rate": 0.4888888888888889,
    "win55Time": 594,
    "win5Rate": 0.928395061728395,
    "win5Time": 1128,
    "winRate": 0.7563786008230453,
    "winTime": 919,
    "yearRate": 1.3573597049929178
}