{
    "buyTime": 1583,
    "exp": -0.01908324170814737,
    "lose": -0.08076037567148688,
    "param": {
        "nextCMD": "D:/ProgramData/Anaconda3/python.exe findBetterParam.py nodeParam.json nodeRst.json",
        "trader": {
            "Class": "AverageTrader",
            "config": {
                "maxBuyLose": -0.7887793604236472,
                "maxDay": 9,
                "minBuyExp": 0.6491091234639867,
                "minBuyLose": -0.13284550939127926,
                "posDayCount": 82
            },
            "values": [
                [
                    "seller",
                    {
                        "Class": "SimpleSeller",
                        "config": {
                            "backSell": -0.1,
                            "loseSell": -0.2,
                            "maxDay": 9,
                            "winSell": 0.9
                        }
                    }
                ]
            ]
        }
    },
    "sSellDay": 8.750473783954517,
    "swin": 0.05511001936555381,
    "swin10Rate": 0.34428300694883135,
    "swin10Time": 545,
    "swin15Rate": 0.22109917877447885,
    "swin15Time": 350,
    "swin20Rate": 0.13329121920404297,
    "swin20Time": 211,
    "swin25Rate": 0.07706885660138976,
    "swin25Time": 122,
    "swin30Rate": 0.04232469993682881,
    "swin30Time": 67,
    "swin35Rate": 0.02021478205938092,
    "swin35Time": 32,
    "swin40Rate": 0.016424510423247,
    "swin40Time": 26,
    "swin45Rate": 0.009475679090334808,
    "swin45Time": 15,
    "swin50Rate": 0.006317119393556538,
    "swin50Time": 10,
    "swin55Rate": 0.00505369551484523,
    "swin55Time": 8,
    "swin5Rate": 0.49273531269741,
    "swin5Time": 780,
    "swinRate": 0.6639292482627922,
    "swinTime": 1051,
    "win": 0.1424375096348263,
    "win10Rate": 0.5919140871762476,
    "win10Time": 937,
    "win15Rate": 0.4213518635502211,
    "win15Time": 667,
    "win20Rate": 0.26658243840808593,
    "win20Time": 422,
    "win25Rate": 0.16487681617182565,
    "win25Time": 261,
    "win30Rate": 0.10170562223626027,
    "win30Time": 161,
    "win35Rate": 0.058749210360075806,
    "win35Time": 93,
    "win40Rate": 0.03790271636133923,
    "win40Time": 60,
    "win45Rate": 0.022741629816803537,
    "win45Time": 36,
    "win50Rate": 0.012634238787113077,
    "win50Time": 20,
    "win55Rate": 0.007580543272267846,
    "win55Time": 12,
    "win5Rate": 0.7624763108022742,
    "win5Time": 1207,
    "winRate": 0.50726468730259,
    "winTime": 803,
    "yearRate": 1.5115072594110024
}