{
    "buyTime": 1045,
    "exp": -0.04419837892615689,
    "lose": -0.08172332945038421,
    "param": {
        "nextCMD": "C:/Python34/python.exe findBetterParam.py nodeParam.json nodeRst.json",
        "trader": {
            "Class": "AverageTrader",
            "config": {
                "maxBuyLose": -0.403977307729239,
                "maxDay": 7,
                "minBuyExp": 0.6119453301330955,
                "minBuyLose": -0.20352628122048727,
                "posDayCount": 88
            },
            "values": [
                [
                    "seller",
                    {
                        "Class": "SimpleSeller",
                        "config": {
                            "backSell": -0.1,
                            "loseSell": -0.2,
                            "maxDay": 7,
                            "winSell": 0.9
                        }
                    }
                ]
            ]
        }
    },
    "sSellDay": 6.835406698564594,
    "swin": 0.035631748615499906,
    "swin10Rate": 0.28708133971291866,
    "swin10Time": 300,
    "swin15Rate": 0.15885167464114833,
    "swin15Time": 166,
    "swin20Rate": 0.08516746411483253,
    "swin20Time": 89,
    "swin25Rate": 0.04784688995215311,
    "swin25Time": 50,
    "swin30Rate": 0.024880382775119617,
    "swin30Time": 26,
    "swin35Rate": 0.016267942583732056,
    "swin35Time": 17,
    "swin40Rate": 0.007655502392344498,
    "swin40Time": 8,
    "swin45Rate": 0.003827751196172249,
    "swin45Time": 4,
    "swin50Rate": 0.0028708133971291866,
    "swin50Time": 3,
    "swin55Rate": 0.0028708133971291866,
    "swin55Time": 3,
    "swin5Rate": 0.46411483253588515,
    "swin5Time": 485,
    "swinRate": 0.6181818181818182,
    "swinTime": 646,
    "win": 0.1192482799746118,
    "win10Rate": 0.523444976076555,
    "win10Time": 547,
    "win15Rate": 0.3406698564593301,
    "win15Time": 356,
    "win20Rate": 0.1875598086124402,
    "win20Time": 196,
    "win25Rate": 0.11291866028708133,
    "win25Time": 118,
    "win30Rate": 0.06220095693779904,
    "win30Time": 65,
    "win35Rate": 0.03444976076555024,
    "win35Time": 36,
    "win40Rate": 0.019138755980861243,
    "win40Time": 20,
    "win45Rate": 0.00861244019138756,
    "win45Time": 9,
    "win50Rate": 0.005741626794258373,
    "win50Time": 6,
    "win55Rate": 0.003827751196172249,
    "win55Time": 4,
    "win5Rate": 0.7349282296650718,
    "win5Time": 768,
    "winRate": 0.4717703349282297,
    "winTime": 493,
    "yearRate": 1.2510769358487157
}