{
    "buyTime": 1988,
    "exp": 0.19485856154361897,
    "lose": -0.1573982130278212,
    "param": {
        "nextCMD": "D:/ProgramData/Anaconda3/python.exe findBetterParam.py nodeParam.json nodeRst.json",
        "trader": {
            "Class": "AverageTrader",
            "config": {
                "maxBuyLose": -0.6989531155143873,
                "maxDay": 58,
                "minBuyExp": 0.598018569518693,
                "minBuyLose": -0.19874313651024117,
                "posDayCount": 119
            },
            "values": [
                [
                    "seller",
                    {
                        "Class": "SimpleSeller",
                        "config": {
                            "backSell": -0.1,
                            "loseSell": -0.2,
                            "maxDay": 58,
                            "winSell": 0.9
                        }
                    }
                ]
            ]
        }
    },
    "sSellDay": 48.35513078470825,
    "swin": 0.25674726089103095,
    "swin10Rate": 0.6569416498993964,
    "swin10Time": 1306,
    "swin15Rate": 0.6242454728370221,
    "swin15Time": 1241,
    "swin20Rate": 0.5860160965794768,
    "swin20Time": 1165,
    "swin25Rate": 0.5326961770623743,
    "swin25Time": 1059,
    "swin30Rate": 0.4723340040241449,
    "swin30Time": 939,
    "swin35Rate": 0.4104627766599598,
    "swin35Time": 816,
    "swin40Rate": 0.3506036217303823,
    "swin40Time": 697,
    "swin45Rate": 0.29275653923541245,
    "swin45Time": 582,
    "swin50Rate": 0.2369215291750503,
    "swin50Time": 471,
    "swin55Rate": 0.19517102615694165,
    "swin55Time": 388,
    "swin5Rate": 0.687625754527163,
    "swin5Time": 1367,
    "swinRate": 0.7072434607645876,
    "swinTime": 1406,
    "win": 0.5096549875992624,
    "win10Rate": 0.8682092555331992,
    "win10Time": 1726,
    "win15Rate": 0.8420523138832998,
    "win15Time": 1674,
    "win20Rate": 0.8048289738430584,
    "win20Time": 1600,
    "win25Rate": 0.7776659959758552,
    "win25Time": 1546,
    "win30Rate": 0.7339034205231388,
    "win30Time": 1459,
    "win35Rate": 0.6911468812877264,
    "win35Time": 1374,
    "win40Rate": 0.636317907444668,
    "win40Time": 1265,
    "win45Rate": 0.5658953722334004,
    "win45Time": 1125,
    "win50Rate": 0.4869215291750503,
    "win50Time": 968,
    "win55Rate": 0.4170020120724346,
    "win55Time": 829,
    "win5Rate": 0.9114688128772636,
    "win5Time": 1812,
    "winRate": 0.7208249496981891,
    "winTime": 1433,
    "yearRate": 1.2743082608585112
}