{
    "buyTime": 1591,
    "exp": -0.04656198521249691,
    "lose": -0.07568391239465695,
    "param": {
        "nextCMD": "C:/Python34/python.exe findBetterParam.py nodeParam.json nodeRst.json",
        "trader": {
            "Class": "AverageTrader",
            "config": {
                "maxBuyLose": -0.6182430420535229,
                "maxDay": 6,
                "minBuyExp": 0.6040098739073707,
                "minBuyLose": -0.11474669879577748,
                "posDayCount": 76
            },
            "values": [
                [
                    "seller",
                    {
                        "Class": "SimpleSeller",
                        "config": {
                            "backSell": -0.1,
                            "loseSell": -0.2,
                            "maxDay": 6,
                            "winSell": 0.9
                        }
                    }
                ]
            ]
        }
    },
    "sSellDay": 5.869893148962916,
    "swin": 0.03225937137689314,
    "swin10Rate": 0.27906976744186046,
    "swin10Time": 444,
    "swin15Rate": 0.12884978001257072,
    "swin15Time": 205,
    "swin20Rate": 0.061596480201131364,
    "swin20Time": 98,
    "swin25Rate": 0.034569453174104335,
    "swin25Time": 55,
    "swin30Rate": 0.01697045883092395,
    "swin30Time": 27,
    "swin35Rate": 0.008170961659333752,
    "swin35Time": 13,
    "swin40Rate": 0.003771213073538655,
    "swin40Time": 6,
    "swin45Rate": 0.0018856065367693275,
    "swin45Time": 3,
    "swin50Rate": 0.0018856065367693275,
    "swin50Time": 3,
    "swin55Rate": 0.0018856065367693275,
    "swin55Time": 3,
    "swin5Rate": 0.4676304211187932,
    "swin5Time": 744,
    "swinRate": 0.623507228158391,
    "swinTime": 992,
    "win": 0.10480583957681686,
    "win10Rate": 0.48271527341294784,
    "win10Time": 768,
    "win15Rate": 0.2985543683218102,
    "win15Time": 475,
    "win20Rate": 0.14896291640477688,
    "win20Time": 237,
    "win25Rate": 0.0842237586423633,
    "win25Time": 134,
    "win30Rate": 0.04274041483343809,
    "win30Time": 68,
    "win35Rate": 0.02451288497800126,
    "win35Time": 39,
    "win40Rate": 0.011942174732872407,
    "win40Time": 19,
    "win45Rate": 0.0043997485857950975,
    "win45Time": 7,
    "win50Rate": 0.0018856065367693275,
    "win50Time": 3,
    "win55Rate": 0.0018856065367693275,
    "win55Time": 3,
    "win5Rate": 0.6794468887492143,
    "win5Time": 1081,
    "winRate": 0.48397234443746073,
    "winTime": 770,
    "yearRate": 1.318976160890125
}