{
    "buyTime": 1830,
    "exp": 0.05947053536470656,
    "lose": -0.1412746120476059,
    "param": {
        "nextCMD": "D:/ProgramData/Anaconda3/python.exe findBetterParam.py nodeParam.json nodeRst.json",
        "trader": {
            "Class": "AverageTrader",
            "config": {
                "maxBuyLose": -0.915219478565315,
                "maxDay": 40,
                "minBuyExp": 0.6829005242438402,
                "minBuyLose": -0.22255793766594528,
                "posDayCount": 147
            },
            "values": [
                [
                    "seller",
                    {
                        "Class": "SimpleSeller",
                        "config": {
                            "backSell": -0.1,
                            "loseSell": -0.2,
                            "maxDay": 40,
                            "winSell": 0.9
                        }
                    }
                ]
            ]
        }
    },
    "sSellDay": 35.48306010928962,
    "swin": 0.17038685231808243,
    "swin10Rate": 0.6180327868852459,
    "swin10Time": 1131,
    "swin15Rate": 0.5245901639344263,
    "swin15Time": 960,
    "swin20Rate": 0.426775956284153,
    "swin20Time": 781,
    "swin25Rate": 0.3453551912568306,
    "swin25Time": 632,
    "swin30Rate": 0.27049180327868855,
    "swin30Time": 495,
    "swin35Rate": 0.21366120218579235,
    "swin35Time": 391,
    "swin40Rate": 0.1650273224043716,
    "swin40Time": 302,
    "swin45Rate": 0.11748633879781421,
    "swin45Time": 215,
    "swin50Rate": 0.09508196721311475,
    "swin50Time": 174,
    "swin55Rate": 0.0726775956284153,
    "swin55Time": 133,
    "swin5Rate": 0.6896174863387978,
    "swin5Time": 1262,
    "swinRate": 0.7469945355191256,
    "swinTime": 1367,
    "win": 0.3420197594599185,
    "win10Rate": 0.8398907103825136,
    "win10Time": 1537,
    "win15Rate": 0.76775956284153,
    "win15Time": 1405,
    "win20Rate": 0.6819672131147541,
    "win20Time": 1248,
    "win25Rate": 0.5775956284153005,
    "win25Time": 1057,
    "win30Rate": 0.48579234972677593,
    "win30Time": 889,
    "win35Rate": 0.4005464480874317,
    "win35Time": 733,
    "win40Rate": 0.33278688524590166,
    "win40Time": 609,
    "win45Rate": 0.26557377049180325,
    "win45Time": 486,
    "win50Rate": 0.21147540983606558,
    "win50Time": 387,
    "win55Rate": 0.1650273224043716,
    "win55Time": 302,
    "win5Rate": 0.9076502732240437,
    "win5Time": 1661,
    "winRate": 0.5797814207650274,
    "winTime": 1061,
    "yearRate": 1.1524610456479165
}