{
    "buyTime": 1354,
    "exp": 0.08499018846566445,
    "lose": -0.1549632177461129,
    "param": {
        "nextCMD": "D:/ProgramData/Anaconda3/python.exe findBetterParam.py nodeParam.json nodeRst.json",
        "trader": {
            "Class": "AverageTrader",
            "config": {
                "maxBuyLose": -0.8108359727436698,
                "maxDay": 46,
                "minBuyExp": 0.4149244037005524,
                "minBuyLose": -0.2562548470090584,
                "posDayCount": 120
            },
            "values": [
                [
                    "seller",
                    {
                        "Class": "SimpleSeller",
                        "config": {
                            "backSell": -0.1,
                            "loseSell": -0.2,
                            "maxDay": 46,
                            "winSell": 0.9
                        }
                    }
                ]
            ]
        }
    },
    "sSellDay": 39.91285081240768,
    "swin": 0.18537257314400424,
    "swin10Rate": 0.6100443131462334,
    "swin10Time": 826,
    "swin15Rate": 0.552437223042836,
    "swin15Time": 748,
    "swin20Rate": 0.48301329394387,
    "swin20Time": 654,
    "swin25Rate": 0.41654357459379615,
    "swin25Time": 564,
    "swin30Rate": 0.35893648449039883,
    "swin30Time": 486,
    "swin35Rate": 0.28286558345642543,
    "swin35Time": 383,
    "swin40Rate": 0.22895125553914328,
    "swin40Time": 310,
    "swin45Rate": 0.18020679468242246,
    "swin45Time": 244,
    "swin50Rate": 0.13663220088626293,
    "swin50Time": 185,
    "swin55Rate": 0.10118168389955687,
    "swin55Time": 137,
    "swin5Rate": 0.6742983751846381,
    "swin5Time": 913,
    "swinRate": 0.7156573116691285,
    "swinTime": 969,
    "win": 0.39491662395789057,
    "win10Rate": 0.8581979320531757,
    "win10Time": 1162,
    "win15Rate": 0.8013293943870015,
    "win15Time": 1085,
    "win20Rate": 0.7437223042836041,
    "win20Time": 1007,
    "win25Rate": 0.6794682422451994,
    "win25Time": 920,
    "win30Rate": 0.6048744460856721,
    "win30Time": 819,
    "win35Rate": 0.5221565731166913,
    "win35Time": 707,
    "win40Rate": 0.43870014771048743,
    "win40Time": 594,
    "win45Rate": 0.36336779911373707,
    "win45Time": 492,
    "win50Rate": 0.29320531757754803,
    "win50Time": 397,
    "win55Rate": 0.23485967503692762,
    "win55Time": 318,
    "win5Rate": 0.9239290989660266,
    "win5Time": 1251,
    "winRate": 0.6255539143279173,
    "winTime": 847,
    "yearRate": 1.1146639903940567
}