{
    "buyTime": 1102,
    "exp": 0.22546686698191662,
    "lose": -0.11254065174041167,
    "param": {
        "nextCMD": "C:/Python34/python.exe findBetterParam.py nodeParam.json nodeRst.json",
        "trader": {
            "Class": "AverageTrader",
            "config": {
                "maxBuyLose": -0.415662931637815,
                "maxDay": 40,
                "minBuyExp": 0.6062515617688613,
                "minBuyLose": -0.19073334339740466,
                "posDayCount": 82
            },
            "values": [
                [
                    "seller",
                    {
                        "Class": "SimpleSeller",
                        "config": {
                            "backSell": -0.1,
                            "loseSell": -0.2,
                            "maxDay": 40,
                            "winSell": 0.9
                        }
                    }
                ]
            ]
        }
    },
    "sSellDay": 35.67513611615245,
    "swin": 0.24631596644037593,
    "swin10Rate": 0.7096188747731398,
    "swin10Time": 782,
    "swin15Rate": 0.6297640653357531,
    "swin15Time": 694,
    "swin20Rate": 0.558983666061706,
    "swin20Time": 616,
    "swin25Rate": 0.47186932849364793,
    "swin25Time": 520,
    "swin30Rate": 0.3911070780399274,
    "swin30Time": 431,
    "swin35Rate": 0.3248638838475499,
    "swin35Time": 358,
    "swin40Rate": 0.2577132486388385,
    "swin40Time": 284,
    "swin45Rate": 0.20054446460980035,
    "swin45Time": 221,
    "swin50Rate": 0.16696914700544466,
    "swin50Time": 184,
    "swin55Rate": 0.13702359346642468,
    "swin55Time": 151,
    "swin5Rate": 0.7658802177858439,
    "swin5Time": 844,
    "swinRate": 0.8112522686025408,
    "swinTime": 894,
    "win": 0.45054817046274076,
    "win10Rate": 0.8920145190562614,
    "win10Time": 983,
    "win15Rate": 0.8502722323049002,
    "win15Time": 937,
    "win20Rate": 0.7894736842105263,
    "win20Time": 870,
    "win25Rate": 0.7295825771324864,
    "win25Time": 804,
    "win30Rate": 0.6497277676950998,
    "win30Time": 716,
    "win35Rate": 0.5771324863883848,
    "win35Time": 636,
    "win40Rate": 0.5018148820326679,
    "win40Time": 553,
    "win45Rate": 0.43103448275862066,
    "win45Time": 475,
    "win50Rate": 0.3647912885662432,
    "win50Time": 402,
    "win55Rate": 0.3076225045372051,
    "win55Time": 339,
    "win5Rate": 0.9301270417422868,
    "win5Time": 1025,
    "winRate": 0.7431941923774955,
    "winTime": 819,
    "yearRate": 1.6570597447258133
}