{
    "buyTime": 2196,
    "exp": 0.17451073486350407,
    "lose": -0.21467451796720238,
    "param": {
        "nextCMD": "D:/ProgramData/Anaconda3/python.exe findBetterParam.py nodeParam.json nodeRst.json",
        "trader": {
            "Class": "AverageTrader",
            "config": {
                "maxBuyLose": -0.9292033932174265,
                "maxDay": 94,
                "minBuyExp": 0.6593623127541615,
                "minBuyLose": -0.16918718773775654,
                "posDayCount": 115
            },
            "values": [
                [
                    "seller",
                    {
                        "Class": "SimpleSeller",
                        "config": {
                            "backSell": -0.1,
                            "loseSell": -0.2,
                            "maxDay": 94,
                            "winSell": 0.9
                        }
                    }
                ]
            ]
        }
    },
    "sSellDay": 66.88479052823315,
    "swin": 0.2144235356026876,
    "swin10Rate": 0.47950819672131145,
    "swin10Time": 1053,
    "swin15Rate": 0.4503642987249545,
    "swin15Time": 989,
    "swin20Rate": 0.4307832422586521,
    "swin20Time": 946,
    "swin25Rate": 0.4157559198542805,
    "swin25Time": 913,
    "swin30Rate": 0.39344262295081966,
    "swin30Time": 864,
    "swin35Rate": 0.3652094717668488,
    "swin35Time": 802,
    "swin40Rate": 0.33970856102003644,
    "swin40Time": 746,
    "swin45Rate": 0.31420765027322406,
    "swin45Time": 690,
    "swin50Rate": 0.29326047358834245,
    "swin50Time": 644,
    "swin55Rate": 0.2691256830601093,
    "swin55Time": 591,
    "swin5Rate": 0.5136612021857924,
    "swin5Time": 1128,
    "swinRate": 0.5432604735883424,
    "swinTime": 1193,
    "win": 0.6038597707979083,
    "win10Rate": 0.8565573770491803,
    "win10Time": 1881,
    "win15Rate": 0.8269581056466302,
    "win15Time": 1816,
    "win20Rate": 0.7928051001821493,
    "win20Time": 1741,
    "win25Rate": 0.76183970856102,
    "win25Time": 1673,
    "win30Rate": 0.7226775956284153,
    "win30Time": 1587,
    "win35Rate": 0.6953551912568307,
    "win35Time": 1527,
    "win40Rate": 0.6543715846994536,
    "win40Time": 1437,
    "win45Rate": 0.6074681238615665,
    "win45Time": 1334,
    "win50Rate": 0.5541894353369763,
    "win50Time": 1217,
    "win55Rate": 0.4981785063752277,
    "win55Time": 1094,
    "win5Rate": 0.901183970856102,
    "win5Time": 1979,
    "winRate": 0.6320582877959927,
    "winTime": 1388,
    "yearRate": 0.7694073366787659
}