{
    "buyTime": 1147,
    "exp": 0.40610087015750396,
    "lose": -0.1851157772921192,
    "param": {
        "nextCMD": "C:/Python34/python.exe findBetterParam.py nodeParam.json nodeRst.json",
        "trader": {
            "Class": "AverageTrader",
            "config": {
                "maxBuyLose": -0.7839499655694337,
                "maxDay": 105,
                "minBuyExp": 0.6662623821399034,
                "minBuyLose": -0.24017615313484791,
                "posDayCount": 129
            },
            "values": [
                [
                    "seller",
                    {
                        "Class": "SimpleSeller",
                        "config": {
                            "backSell": -0.1,
                            "loseSell": -0.2,
                            "maxDay": 105,
                            "winSell": 0.9
                        }
                    }
                ]
            ]
        }
    },
    "sSellDay": 76.25719267654752,
    "swin": 0.3684430025596978,
    "swin10Rate": 0.6312118570183086,
    "swin10Time": 724,
    "swin15Rate": 0.6155187445510026,
    "swin15Time": 706,
    "swin20Rate": 0.6015693112467306,
    "swin20Time": 690,
    "swin25Rate": 0.5858761987794245,
    "swin25Time": 672,
    "swin30Rate": 0.5675675675675675,
    "swin30Time": 651,
    "swin35Rate": 0.5396687009590235,
    "swin35Time": 619,
    "swin40Rate": 0.5065387968613775,
    "swin40Time": 581,
    "swin45Rate": 0.47253705318221445,
    "swin45Time": 542,
    "swin50Rate": 0.42981691368788144,
    "swin50Time": 493,
    "swin55Rate": 0.3940714908456844,
    "swin55Time": 452,
    "swin5Rate": 0.6556233653007847,
    "swin5Time": 752,
    "swinRate": 0.6678291194420227,
    "swinTime": 766,
    "win": 0.7763324247417426,
    "win10Rate": 0.9084568439407149,
    "win10Time": 1042,
    "win15Rate": 0.8979947689625108,
    "win15Time": 1030,
    "win20Rate": 0.8814298169136879,
    "win20Time": 1011,
    "win25Rate": 0.8631211857018308,
    "win25Time": 990,
    "win30Rate": 0.8352223190932868,
    "win30Time": 958,
    "win35Rate": 0.8169136878814298,
    "win35Time": 937,
    "win40Rate": 0.7907585004359198,
    "win40Time": 907,
    "win45Rate": 0.7576285963382737,
    "win45Time": 869,
    "win50Rate": 0.7183958151700087,
    "win50Time": 824,
    "win55Rate": 0.6591107236268526,
    "win55Time": 756,
    "win5Rate": 0.941586748038361,
    "win5Time": 1080,
    "winRate": 0.7646033129904097,
    "winTime": 877,
    "yearRate": 1.159580067278329
}