{
    "buyTime": 1022,
    "exp": 0.30910635840851736,
    "lose": -0.1653656256638177,
    "param": {
        "nextCMD": "C:/Python34/python.exe findBetterParam.py nodeParam.json nodeRst.json",
        "trader": {
            "Class": "AverageTrader",
            "config": {
                "maxBuyLose": -0.5902275310670073,
                "maxDay": 83,
                "minBuyExp": 0.6493527245179022,
                "minBuyLose": -0.26197191206455384,
                "posDayCount": 144
            },
            "values": [
                [
                    "seller",
                    {
                        "Class": "SimpleSeller",
                        "config": {
                            "backSell": -0.1,
                            "loseSell": -0.2,
                            "maxDay": 83,
                            "winSell": 0.9
                        }
                    }
                ]
            ]
        }
    },
    "sSellDay": 67.30430528375734,
    "swin": 0.33865770642116194,
    "swin10Rate": 0.6771037181996086,
    "swin10Time": 692,
    "swin15Rate": 0.6575342465753424,
    "swin15Time": 672,
    "swin20Rate": 0.6340508806262231,
    "swin20Time": 648,
    "swin25Rate": 0.6105675146771037,
    "swin25Time": 624,
    "swin30Rate": 0.5616438356164384,
    "swin30Time": 574,
    "swin35Rate": 0.512720156555773,
    "swin35Time": 524,
    "swin40Rate": 0.461839530332681,
    "swin40Time": 472,
    "swin45Rate": 0.41682974559686886,
    "swin45Time": 426,
    "swin50Rate": 0.35714285714285715,
    "swin50Time": 365,
    "swin55Rate": 0.3131115459882583,
    "swin55Time": 320,
    "swin5Rate": 0.6986301369863014,
    "swin5Time": 714,
    "swinRate": 0.7211350293542075,
    "swinTime": 737,
    "win": 0.6398376097361541,
    "win10Rate": 0.9207436399217221,
    "win10Time": 941,
    "win15Rate": 0.9060665362035225,
    "win15Time": 926,
    "win20Rate": 0.8855185909980431,
    "win20Time": 905,
    "win25Rate": 0.87279843444227,
    "win25Time": 892,
    "win30Rate": 0.8493150684931506,
    "win30Time": 868,
    "win35Rate": 0.8111545988258317,
    "win35Time": 829,
    "win40Rate": 0.764187866927593,
    "win40Time": 781,
    "win45Rate": 0.6947162426614482,
    "win45Time": 710,
    "win50Rate": 0.6389432485322897,
    "win50Time": 653,
    "win55Rate": 0.5675146771037182,
    "win55Time": 580,
    "win5Rate": 0.9510763209393346,
    "win5Time": 972,
    "winRate": 0.7661448140900196,
    "winTime": 783,
    "yearRate": 1.2076173908698495
}