{
    "buyTime": 1494,
    "exp": 0.48155827305810495,
    "lose": -0.18690496586005695,
    "param": {
        "nextCMD": "C:/Python34/python.exe findBetterParam.py nodeParam.json nodeRst.json",
        "trader": {
            "Class": "AverageTrader",
            "config": {
                "maxBuyLose": -0.7752682890026049,
                "maxDay": 123,
                "minBuyExp": 0.6054397737583717,
                "minBuyLose": -0.23920085333073082,
                "posDayCount": 134
            },
            "values": [
                [
                    "seller",
                    {
                        "Class": "SimpleSeller",
                        "config": {
                            "backSell": -0.1,
                            "loseSell": -0.2,
                            "maxDay": 123,
                            "winSell": 0.9
                        }
                    }
                ]
            ]
        }
    },
    "sSellDay": 84.31659973226239,
    "swin": 0.4214073822993737,
    "swin10Rate": 0.6693440428380187,
    "swin10Time": 1000,
    "swin15Rate": 0.6506024096385542,
    "swin15Time": 972,
    "swin20Rate": 0.6318607764390897,
    "swin20Time": 944,
    "swin25Rate": 0.6137884872824632,
    "swin25Time": 917,
    "swin30Rate": 0.6010709504685409,
    "swin30Time": 898,
    "swin35Rate": 0.5769745649263721,
    "swin35Time": 862,
    "swin40Rate": 0.5582329317269076,
    "swin40Time": 834,
    "swin45Rate": 0.5334672021419009,
    "swin45Time": 797,
    "swin50Rate": 0.5053547523427041,
    "swin50Time": 755,
    "swin55Rate": 0.47657295850066933,
    "swin55Time": 712,
    "swin5Rate": 0.6827309236947792,
    "swin5Time": 1020,
    "swinRate": 0.6974564926372155,
    "swinTime": 1042,
    "win": 0.855368204778218,
    "win10Rate": 0.9096385542168675,
    "win10Time": 1359,
    "win15Rate": 0.8962516733601071,
    "win15Time": 1339,
    "win20Rate": 0.8788487282463187,
    "win20Time": 1313,
    "win25Rate": 0.8601070950468541,
    "win25Time": 1285,
    "win30Rate": 0.8346720214190094,
    "win30Time": 1247,
    "win35Rate": 0.8159303882195449,
    "win35Time": 1219,
    "win40Rate": 0.7911646586345381,
    "win40Time": 1182,
    "win45Rate": 0.7563587684069611,
    "win45Time": 1130,
    "win50Rate": 0.7269076305220884,
    "win50Time": 1086,
    "win55Rate": 0.6874163319946452,
    "win55Time": 1027,
    "win5Rate": 0.9417670682730924,
    "win5Time": 1407,
    "winRate": 0.7637215528781793,
    "winTime": 1141,
    "yearRate": 1.199500123024422
}