{
    "swin45Rate": 0.1969147005444646,
    "win35Time": 553,
    "win30Rate": 0.5725952813067151,
    "swin25Time": 442,
    "win15Rate": 0.808529945553539,
    "win50Rate": 0.308529945553539,
    "swin10Rate": 0.6361161524500908,
    "swin15Rate": 0.5617059891107078,
    "exp": 0.15158388989281796,
    "swin40Time": 249,
    "swin30Rate": 0.33212341197822143,
    "swin40Rate": 0.22595281306715065,
    "swin30Time": 366,
    "win20Rate": 0.7268602540834845,
    "swin20Rate": 0.48003629764065336,
    "swin5Rate": 0.7141560798548094,
    "win15Time": 891,
    "win45Time": 411,
    "swin50Rate": 0.1569872958257713,
    "lose": -0.1250595506276435,
    "win25Time": 721,
    "swin20Time": 529,
    "swin10Time": 701,
    "sSellDay": 32.46642468239565,
    "swinTime": 851,
    "swin50Time": 173,
    "buyTime": 1102,
    "swinRate": 0.7722323049001815,
    "win55Rate": 0.2613430127041742,
    "swin25Rate": 0.4010889292196007,
    "win55Time": 288,
    "win5Rate": 0.9128856624319419,
    "param": {
        "trader": {
            "values": [
                [
                    "seller",
                    {
                        "config": {
                            "winSell": 0.9,
                            "maxDay": 37,
                            "loseSell": -0.2,
                            "backSell": -0.1
                        },
                        "Class": "SimpleSeller"
                    }
                ]
            ],
            "config": {
                "minBuyExp": 0.6184306270473774,
                "maxBuyLose": -0.5974675533130858,
                "maxDay": 37,
                "minBuyLose": -0.20422995598631533,
                "posDayCount": 93
            },
            "Class": "AverageTrader"
        }
    },
    "winRate": 0.6787658802177858,
    "win20Time": 801,
    "swin45Time": 217,
    "swin": 0.20733827944355632,
    "win45Rate": 0.37295825771324864,
    "win35Rate": 0.5018148820326679,
    "swin5Time": 787,
    "win": 0.40170299114810526,
    "win30Time": 631,
    "swin55Rate": 0.1279491833030853,
    "win25Rate": 0.6542649727767695,
    "win40Time": 479,
    "win5Time": 1006,
    "win40Rate": 0.43466424682395643,
    "swin55Time": 141,
    "yearRate": 1.5326968569297268,
    "swin35Time": 307,
    "win50Time": 340,
    "winTime": 748,
    "win10Rate": 0.8629764065335753,
    "swin15Time": 619,
    "win10Time": 951,
    "swin35Rate": 0.27858439201451907
}