{
    "buyTime": 1035,
    "exp": 0.19146546507592685,
    "lose": -0.16900865355838862,
    "param": {
        "nextCMD": "D:/ProgramData/Anaconda3/python.exe findBetterParam.py nodeParam.json nodeRst.json",
        "trader": {
            "Class": "AverageTrader",
            "config": {
                "maxBuyLose": -0.9851364534080526,
                "maxDay": 65,
                "minBuyExp": 0.43544144445331745,
                "minBuyLose": -0.2972672473582084,
                "posDayCount": 146
            },
            "values": [
                [
                    "seller",
                    {
                        "Class": "SimpleSeller",
                        "config": {
                            "backSell": -0.1,
                            "loseSell": -0.2,
                            "maxDay": 65,
                            "winSell": 0.9
                        }
                    }
                ]
            ]
        }
    },
    "sSellDay": 53.25797101449275,
    "swin": 0.21586635851990288,
    "swin10Rate": 0.6135265700483091,
    "swin10Time": 635,
    "swin15Rate": 0.5584541062801932,
    "swin15Time": 578,
    "swin20Rate": 0.4975845410628019,
    "swin20Time": 515,
    "swin25Rate": 0.4396135265700483,
    "swin25Time": 455,
    "swin30Rate": 0.38454106280193234,
    "swin30Time": 398,
    "swin35Rate": 0.3285024154589372,
    "swin35Time": 340,
    "swin40Rate": 0.2792270531400966,
    "swin40Time": 289,
    "swin45Rate": 0.23478260869565218,
    "swin45Time": 243,
    "swin50Rate": 0.19903381642512077,
    "swin50Time": 206,
    "swin55Rate": 0.1681159420289855,
    "swin55Time": 174,
    "swin5Rate": 0.6454106280193237,
    "swin5Time": 668,
    "swinRate": 0.6734299516908212,
    "swinTime": 697,
    "win": 0.5294827721927043,
    "win10Rate": 0.9033816425120773,
    "win10Time": 935,
    "win15Rate": 0.8705314009661835,
    "win15Time": 901,
    "win20Rate": 0.8454106280193237,
    "win20Time": 875,
    "win25Rate": 0.8154589371980676,
    "win25Time": 844,
    "win30Rate": 0.7777777777777778,
    "win30Time": 805,
    "win35Rate": 0.714975845410628,
    "win35Time": 740,
    "win40Rate": 0.6483091787439613,
    "win40Time": 671,
    "win45Rate": 0.578743961352657,
    "win45Time": 599,
    "win50Rate": 0.5082125603864734,
    "win50Time": 526,
    "win55Rate": 0.4434782608695652,
    "win55Time": 459,
    "win5Rate": 0.9400966183574879,
    "win5Time": 973,
    "winRate": 0.6898550724637681,
    "winTime": 714,
    "yearRate": 0.9727731841432437
}