{
    "buyTime": 1224,
    "exp": 0.2238535692171079,
    "lose": -0.10615968719753659,
    "param": {
        "nextCMD": "D:/ProgramData/Anaconda3/python.exe findBetterParam.py nodeParam.json nodeRst.json",
        "trader": {
            "Class": "AverageTrader",
            "config": {
                "maxBuyLose": -0.9764268673637647,
                "maxDay": 38,
                "minBuyExp": 0.69455551384067,
                "minBuyLose": -0.13865997977465788,
                "posDayCount": 79
            },
            "values": [
                [
                    "seller",
                    {
                        "Class": "SimpleSeller",
                        "config": {
                            "backSell": -0.1,
                            "loseSell": -0.2,
                            "maxDay": 38,
                            "winSell": 0.9
                        }
                    }
                ]
            ]
        }
    },
    "sSellDay": 34.1952614379085,
    "swin": 0.24170848554321933,
    "swin10Rate": 0.684640522875817,
    "swin10Time": 838,
    "swin15Rate": 0.6233660130718954,
    "swin15Time": 763,
    "swin20Rate": 0.5531045751633987,
    "swin20Time": 677,
    "swin25Rate": 0.45016339869281047,
    "swin25Time": 551,
    "swin30Rate": 0.39215686274509803,
    "swin30Time": 480,
    "swin35Rate": 0.32598039215686275,
    "swin35Time": 399,
    "swin40Rate": 0.2647058823529412,
    "swin40Time": 324,
    "swin45Rate": 0.22630718954248366,
    "swin45Time": 277,
    "swin50Rate": 0.16993464052287582,
    "swin50Time": 208,
    "swin55Rate": 0.14624183006535948,
    "swin55Time": 179,
    "swin5Rate": 0.7450980392156863,
    "swin5Time": 912,
    "swinRate": 0.795751633986928,
    "swinTime": 974,
    "win": 0.43617294361218134,
    "win10Rate": 0.8799019607843137,
    "win10Time": 1077,
    "win15Rate": 0.8251633986928104,
    "win15Time": 1010,
    "win20Rate": 0.7671568627450981,
    "win20Time": 939,
    "win25Rate": 0.7066993464052288,
    "win25Time": 865,
    "win30Rate": 0.6331699346405228,
    "win30Time": 775,
    "win35Rate": 0.559640522875817,
    "win35Time": 685,
    "win40Rate": 0.48937908496732024,
    "win40Time": 599,
    "win45Rate": 0.4272875816993464,
    "win45Time": 523,
    "win50Rate": 0.35866013071895425,
    "win50Time": 439,
    "win55Rate": 0.30718954248366015,
    "win55Time": 376,
    "win5Rate": 0.9150326797385621,
    "win5Time": 1120,
    "winRate": 0.7361111111111112,
    "winTime": 901,
    "yearRate": 1.6964349471550855
}