{
    "buyTime": 2219,
    "exp": 0.14985833162205267,
    "lose": -0.20198895326375269,
    "param": {
        "nextCMD": "C:/Python34/python.exe findBetterParam.py nodeParam.json nodeRst.json",
        "trader": {
            "Class": "AverageTrader",
            "config": {
                "maxBuyLose": -0.34736573819173633,
                "maxDay": 89,
                "minBuyExp": 0.32557534795610676,
                "minBuyLose": -0.24941944458587312,
                "posDayCount": 143
            },
            "values": [
                [
                    "seller",
                    {
                        "Class": "SimpleSeller",
                        "config": {
                            "backSell": -0.1,
                            "loseSell": -0.2,
                            "maxDay": 89,
                            "winSell": 0.9
                        }
                    }
                ]
            ]
        }
    },
    "sSellDay": 65.99864803965751,
    "swin": 0.2499833978453375,
    "swin10Rate": 0.5543037404236142,
    "swin10Time": 1230,
    "swin15Rate": 0.5362776025236593,
    "swin15Time": 1190,
    "swin20Rate": 0.5164488508337088,
    "swin20Time": 1146,
    "swin25Rate": 0.4907616043262731,
    "swin25Time": 1089,
    "swin30Rate": 0.46552501126633616,
    "swin30Time": 1033,
    "swin35Rate": 0.43037404236142407,
    "swin35Time": 955,
    "swin40Rate": 0.3947724200090131,
    "swin40Time": 876,
    "swin45Rate": 0.36097341144659756,
    "swin45Time": 801,
    "swin50Rate": 0.32447048219918884,
    "swin50Time": 720,
    "swin55Rate": 0.2870662460567823,
    "swin55Time": 637,
    "swin5Rate": 0.5790896800360523,
    "swin5Time": 1285,
    "swinRate": 0.5984677782785038,
    "swinTime": 1328,
    "win": 0.5538362381495582,
    "win10Rate": 0.8661559260928346,
    "win10Time": 1922,
    "win15Rate": 0.8296529968454258,
    "win15Time": 1841,
    "win20Rate": 0.7881928796755295,
    "win20Time": 1749,
    "win25Rate": 0.7458314556106355,
    "win25Time": 1655,
    "win30Rate": 0.7061739522307345,
    "win30Time": 1567,
    "win35Rate": 0.658404686795854,
    "win35Time": 1461,
    "win40Rate": 0.6065795403334836,
    "win40Time": 1346,
    "win45Rate": 0.5529517800811177,
    "win45Time": 1227,
    "win50Rate": 0.5105903560162235,
    "win50Time": 1133,
    "win55Rate": 0.44975214060387564,
    "win55Time": 998,
    "win5Rate": 0.9170797656602073,
    "win5Time": 2035,
    "winRate": 0.626408292023434,
    "winTime": 1390,
    "yearRate": 0.9090491588074708
}