{
    "buyTime": 1033,
    "exp": 0.165789555167328,
    "lose": -0.13928264700259163,
    "param": {
        "nextCMD": "C:/Python34/python.exe findBetterParam.py nodeParam.json nodeRst.json",
        "trader": {
            "Class": "AverageTrader",
            "config": {
                "maxBuyLose": -0.5267606119404038,
                "maxDay": 48,
                "minBuyExp": 0.6772617368935226,
                "minBuyLose": -0.2620412654367296,
                "posDayCount": 149
            },
            "values": [
                [
                    "seller",
                    {
                        "Class": "SimpleSeller",
                        "config": {
                            "backSell": -0.1,
                            "loseSell": -0.2,
                            "maxDay": 48,
                            "winSell": 0.9
                        }
                    }
                ]
            ]
        }
    },
    "sSellDay": 42.816069699903196,
    "swin": 0.24719473704169267,
    "swin10Rate": 0.7153920619554696,
    "swin10Time": 739,
    "swin15Rate": 0.6534365924491772,
    "swin15Time": 675,
    "swin20Rate": 0.5934172313649564,
    "swin20Time": 613,
    "swin25Rate": 0.5208131655372701,
    "swin25Time": 538,
    "swin30Rate": 0.4259438528557599,
    "swin30Time": 440,
    "swin35Rate": 0.3426911907066796,
    "swin35Time": 354,
    "swin40Rate": 0.271055179090029,
    "swin40Time": 280,
    "swin45Rate": 0.21200387221684414,
    "swin45Time": 219,
    "swin50Rate": 0.1616650532429816,
    "swin50Time": 167,
    "swin55Rate": 0.12197483059051308,
    "swin55Time": 126,
    "swin5Rate": 0.7618586640851888,
    "swin5Time": 787,
    "swinRate": 0.7996127783155856,
    "swinTime": 826,
    "win": 0.4443548491725115,
    "win10Rate": 0.89351403678606,
    "win10Time": 923,
    "win15Rate": 0.8576960309777347,
    "win15Time": 886,
    "win20Rate": 0.814133591481123,
    "win20Time": 841,
    "win25Rate": 0.7676669893514037,
    "win25Time": 793,
    "win30Rate": 0.7047434656340755,
    "win30Time": 728,
    "win35Rate": 0.6282671829622459,
    "win35Time": 649,
    "win40Rate": 0.5459825750242013,
    "win40Time": 564,
    "win45Rate": 0.4530493707647628,
    "win45Time": 468,
    "win50Rate": 0.37463697967086157,
    "win50Time": 387,
    "win55Rate": 0.29138431752178123,
    "win55Time": 301,
    "win5Rate": 0.9409486931268151,
    "win5Time": 972,
    "winRate": 0.6969990319457889,
    "winTime": 720,
    "yearRate": 1.385618467688088
}