{
    "buyTime": 2794,
    "exp": -0.09607518195529523,
    "lose": -0.0929790442587497,
    "param": {
        "nextCMD": "D:/ProgramData/Anaconda3/python.exe findBetterParam.py nodeParam.json nodeRst.json",
        "trader": {
            "Class": "AverageTrader",
            "config": {
                "maxBuyLose": -0.4043918272329402,
                "maxDay": 6,
                "minBuyExp": 0.29426986076396006,
                "minBuyLose": -0.15424730670116776,
                "posDayCount": 71
            },
            "values": [
                [
                    "seller",
                    {
                        "Class": "SimpleSeller",
                        "config": {
                            "backSell": -0.1,
                            "loseSell": -0.2,
                            "maxDay": 6,
                            "winSell": 0.9
                        }
                    }
                ]
            ]
        }
    },
    "sSellDay": 5.811381531853973,
    "swin": 0.008788725174578144,
    "swin10Rate": 0.20937723693629207,
    "swin10Time": 585,
    "swin15Rate": 0.09985683607730853,
    "swin15Time": 279,
    "swin20Rate": 0.050465282748747314,
    "swin20Time": 141,
    "swin25Rate": 0.02720114531138153,
    "swin25Time": 76,
    "swin30Rate": 0.016105941302791697,
    "swin30Time": 45,
    "swin35Rate": 0.00894774516821761,
    "swin35Time": 25,
    "swin40Rate": 0.005010737294201861,
    "swin40Time": 14,
    "swin45Rate": 0.002863278453829635,
    "swin45Time": 8,
    "swin50Rate": 0.0017895490336435219,
    "swin50Time": 5,
    "swin55Rate": 0.0010737294201861132,
    "swin55Time": 3,
    "swin5Rate": 0.36435218324982105,
    "swin5Time": 1018,
    "swinRate": 0.5397279885468862,
    "swinTime": 1508,
    "win": 0.08988290656220387,
    "win10Rate": 0.3858267716535433,
    "win10Time": 1078,
    "win15Rate": 0.23228346456692914,
    "win15Time": 649,
    "win20Rate": 0.12061560486757338,
    "win20Time": 337,
    "win25Rate": 0.06263421617752327,
    "win25Time": 175,
    "win30Rate": 0.03435934144595562,
    "win30Time": 96,
    "win35Rate": 0.020042949176807445,
    "win35Time": 56,
    "win40Rate": 0.013242662848962061,
    "win40Time": 37,
    "win45Rate": 0.006800286327845383,
    "win45Time": 19,
    "win50Rate": 0.0035790980672870437,
    "win50Time": 10,
    "win55Rate": 0.0025053686471009306,
    "win55Time": 7,
    "win5Rate": 0.6156048675733715,
    "win5Time": 1720,
    "winRate": 0.3822476735862563,
    "winTime": 1068,
    "yearRate": 0.3629591398081616
}