{
    "buyTime": 1024,
    "exp": 0.2465838262829782,
    "lose": -0.11349711240202381,
    "param": {
        "nextCMD": "C:/Python34/python.exe findBetterParam.py nodeParam.json nodeRst.json",
        "trader": {
            "Class": "AverageTrader",
            "config": {
                "maxBuyLose": -0.5056880678735928,
                "maxDay": 43,
                "minBuyExp": 0.6219997120303339,
                "minBuyLose": -0.16029690523920187,
                "posDayCount": 74
            },
            "values": [
                [
                    "seller",
                    {
                        "Class": "SimpleSeller",
                        "config": {
                            "backSell": -0.1,
                            "loseSell": -0.2,
                            "maxDay": 43,
                            "winSell": 0.9
                        }
                    }
                ]
            ]
        }
    },
    "sSellDay": 37.8525390625,
    "swin": 0.2547909247107686,
    "swin10Rate": 0.703125,
    "swin10Time": 720,
    "swin15Rate": 0.6494140625,
    "swin15Time": 665,
    "swin20Rate": 0.5703125,
    "swin20Time": 584,
    "swin25Rate": 0.4931640625,
    "swin25Time": 505,
    "swin30Rate": 0.4248046875,
    "swin30Time": 435,
    "swin35Rate": 0.3388671875,
    "swin35Time": 347,
    "swin40Rate": 0.2724609375,
    "swin40Time": 279,
    "swin45Rate": 0.2216796875,
    "swin45Time": 227,
    "swin50Rate": 0.1787109375,
    "swin50Time": 183,
    "swin55Rate": 0.1455078125,
    "swin55Time": 149,
    "swin5Rate": 0.7578125,
    "swin5Time": 776,
    "swinRate": 0.80078125,
    "swinTime": 820,
    "win": 0.47357805108702605,
    "win10Rate": 0.8935546875,
    "win10Time": 915,
    "win15Rate": 0.8515625,
    "win15Time": 872,
    "win20Rate": 0.80078125,
    "win20Time": 820,
    "win25Rate": 0.748046875,
    "win25Time": 766,
    "win30Rate": 0.6767578125,
    "win30Time": 693,
    "win35Rate": 0.615234375,
    "win35Time": 630,
    "win40Rate": 0.5458984375,
    "win40Time": 559,
    "win45Rate": 0.4814453125,
    "win45Time": 493,
    "win50Rate": 0.408203125,
    "win50Time": 418,
    "win55Rate": 0.33984375,
    "win55Time": 348,
    "win5Rate": 0.9267578125,
    "win5Time": 949,
    "winRate": 0.7529296875,
    "winTime": 771,
    "yearRate": 1.6154747725011864
}