{
    "buyTime": 1381,
    "exp": 0.01380656001152438,
    "lose": -0.08652933229251732,
    "param": {
        "nextCMD": "C:/Python34/python.exe findBetterParam.py nodeParam.json nodeRst.json",
        "trader": {
            "Class": "AverageTrader",
            "config": {
                "maxBuyLose": -0.7385316112278737,
                "maxDay": 12,
                "minBuyExp": 0.6422495059914162,
                "minBuyLose": -0.1609983853576189,
                "posDayCount": 83
            },
            "values": [
                [
                    "seller",
                    {
                        "Class": "SimpleSeller",
                        "config": {
                            "backSell": -0.1,
                            "loseSell": -0.2,
                            "maxDay": 12,
                            "winSell": 0.9
                        }
                    }
                ]
            ]
        }
    },
    "sSellDay": 11.571325126719769,
    "swin": 0.0923312447033385,
    "swin10Rate": 0.48008689355539463,
    "swin10Time": 663,
    "swin15Rate": 0.3128167994207096,
    "swin15Time": 432,
    "swin20Rate": 0.20854453294713976,
    "swin20Time": 288,
    "swin25Rate": 0.12671976828385229,
    "swin25Time": 175,
    "swin30Rate": 0.0832729905865315,
    "swin30Time": 115,
    "swin35Rate": 0.05068790731354091,
    "swin35Time": 70,
    "swin40Rate": 0.02896451846488052,
    "swin40Time": 40,
    "swin45Rate": 0.018102824040550327,
    "swin45Time": 25,
    "swin50Rate": 0.012309920347574221,
    "swin50Time": 17,
    "swin55Rate": 0.010137581462708182,
    "swin55Time": 14,
    "swin5Rate": 0.6364952932657495,
    "swin5Time": 879,
    "swinRate": 0.7617668356263577,
    "swinTime": 1052,
    "win": 0.1868652245965587,
    "win10Rate": 0.718320057929037,
    "win10Time": 992,
    "win15Rate": 0.5488776249094859,
    "win15Time": 758,
    "win20Rate": 0.3946415640839971,
    "win20Time": 545,
    "win25Rate": 0.2679217958001448,
    "win25Time": 370,
    "win30Rate": 0.1788559015206372,
    "win30Time": 247,
    "win35Rate": 0.11440984793627806,
    "win35Time": 158,
    "win40Rate": 0.07675597393193338,
    "win40Time": 106,
    "win45Rate": 0.0499637943519189,
    "win45Time": 69,
    "win50Rate": 0.028240405503258507,
    "win50Time": 39,
    "win55Rate": 0.01955104996379435,
    "win55Time": 27,
    "win5Rate": 0.8457639391745112,
    "win5Time": 1168,
    "winRate": 0.5691527878349022,
    "winTime": 786,
    "yearRate": 1.9150355284402074
}