{
    "buyTime": 1069,
    "exp": 0.0746160575520665,
    "lose": -0.10362810672811622,
    "param": {
        "nextCMD": "C:/Python34/python.exe findBetterParam.py nodeParam.json nodeRst.json",
        "trader": {
            "Class": "AverageTrader",
            "config": {
                "maxBuyLose": -0.4490805023428882,
                "maxDay": 21,
                "minBuyExp": 0.52172990971186,
                "minBuyLose": -0.1902817028233551,
                "posDayCount": 75
            },
            "values": [
                [
                    "seller",
                    {
                        "Class": "SimpleSeller",
                        "config": {
                            "backSell": -0.1,
                            "loseSell": -0.2,
                            "maxDay": 21,
                            "winSell": 0.9
                        }
                    }
                ]
            ]
        }
    },
    "sSellDay": 19.59401309635173,
    "swin": 0.1548579576193164,
    "swin10Rate": 0.6632366697848456,
    "swin10Time": 709,
    "swin15Rate": 0.5126286248830683,
    "swin15Time": 548,
    "swin20Rate": 0.3844714686623012,
    "swin20Time": 411,
    "swin25Rate": 0.2909260991580917,
    "swin25Time": 311,
    "swin30Rate": 0.20954162768942938,
    "swin30Time": 224,
    "swin35Rate": 0.14967259120673526,
    "swin35Time": 160,
    "swin40Rate": 0.09822263797942002,
    "swin40Time": 105,
    "swin45Rate": 0.06454630495790459,
    "swin45Time": 69,
    "swin50Rate": 0.04957904583723106,
    "swin50Time": 53,
    "swin55Rate": 0.03274087932647334,
    "swin55Time": 35,
    "swin5Rate": 0.7511693171188026,
    "swin5Time": 803,
    "swinRate": 0.8101028999064547,
    "swinTime": 866,
    "win": 0.281872271008299,
    "win10Rate": 0.8568755846585594,
    "win10Time": 916,
    "win15Rate": 0.7820392890551918,
    "win15Time": 836,
    "win20Rate": 0.6510757717492984,
    "win20Time": 696,
    "win25Rate": 0.5023386342376053,
    "win25Time": 537,
    "win30Rate": 0.3695042095416277,
    "win30Time": 395,
    "win35Rate": 0.28344246959775493,
    "win35Time": 303,
    "win40Rate": 0.21702525724976612,
    "win40Time": 232,
    "win45Rate": 0.15528531337698784,
    "win45Time": 166,
    "win50Rate": 0.11599625818521983,
    "win50Time": 124,
    "win55Rate": 0.07951356407857811,
    "win55Time": 85,
    "win5Rate": 0.9130028063610851,
    "win5Time": 976,
    "winRate": 0.6688493919550982,
    "winTime": 715,
    "yearRate": 1.8967992746496618
}