{
    "buyTime": 1257,
    "exp": 0.3097973048280045,
    "lose": -0.12955242131850409,
    "param": {
        "nextCMD": "C:/Python34/python.exe findBetterParam.py nodeParam.json nodeRst.json",
        "trader": {
            "Class": "AverageTrader",
            "config": {
                "maxBuyLose": -0.3817249880492215,
                "maxDay": 59,
                "minBuyExp": 0.6639266872571317,
                "minBuyLose": -0.1715704130911473,
                "posDayCount": 86
            },
            "values": [
                [
                    "seller",
                    {
                        "Class": "SimpleSeller",
                        "config": {
                            "backSell": -0.1,
                            "loseSell": -0.2,
                            "maxDay": 59,
                            "winSell": 0.9
                        }
                    }
                ]
            ]
        }
    },
    "sSellDay": 50.114558472553696,
    "swin": 0.28794246050419003,
    "swin10Rate": 0.6555290373906125,
    "swin10Time": 824,
    "swin15Rate": 0.6125696101829753,
    "swin15Time": 770,
    "swin20Rate": 0.5727923627684964,
    "swin20Time": 720,
    "swin25Rate": 0.5306284805091488,
    "swin25Time": 667,
    "swin30Rate": 0.4805091487669053,
    "swin30Time": 604,
    "swin35Rate": 0.4232299124900557,
    "swin35Time": 532,
    "swin40Rate": 0.3731105807478122,
    "swin40Time": 469,
    "swin45Rate": 0.3269689737470167,
    "swin45Time": 411,
    "swin50Rate": 0.26889419252187746,
    "swin50Time": 338,
    "swin55Rate": 0.22593476531424025,
    "swin55Time": 284,
    "swin5Rate": 0.7008750994431185,
    "swin5Time": 881,
    "swinRate": 0.7334924423229913,
    "swinTime": 922,
    "win": 0.5689021474650121,
    "win10Rate": 0.9069212410501193,
    "win10Time": 1140,
    "win15Rate": 0.8774860779634049,
    "win15Time": 1103,
    "win20Rate": 0.8448687350835322,
    "win20Time": 1062,
    "win25Rate": 0.8122513922036595,
    "win25Time": 1021,
    "win30Rate": 0.7677008750994431,
    "win30Time": 965,
    "win35Rate": 0.7311058074781225,
    "win35Time": 919,
    "win40Rate": 0.6738265712012729,
    "win40Time": 847,
    "win45Rate": 0.6213206046141607,
    "win45Time": 781,
    "win50Rate": 0.543357199681782,
    "win50Time": 683,
    "win55Rate": 0.4813046937151949,
    "win55Time": 605,
    "win5Rate": 0.9323786793953859,
    "win5Time": 1172,
    "winRate": 0.7756563245823389,
    "winTime": 975,
    "yearRate": 1.3789643693828628
}