{
    "buyTime": 1350,
    "exp": -0.038212085548167726,
    "lose": -0.09482438412245234,
    "param": {
        "nextCMD": "C:/Python34/python.exe findBetterParam.py nodeParam.json nodeRst.json",
        "trader": {
            "Class": "AverageTrader",
            "config": {
                "maxBuyLose": -0.6048856496806219,
                "maxDay": 10,
                "minBuyExp": 0.46954670690586386,
                "minBuyLose": -0.20967964216772805,
                "posDayCount": 85
            },
            "values": [
                [
                    "seller",
                    {
                        "Class": "SimpleSeller",
                        "config": {
                            "backSell": -0.1,
                            "loseSell": -0.2,
                            "maxDay": 10,
                            "winSell": 0.9
                        }
                    }
                ]
            ]
        }
    },
    "sSellDay": 9.617777777777778,
    "swin": 0.05366907205706891,
    "swin10Rate": 0.3244444444444444,
    "swin10Time": 438,
    "swin15Rate": 0.2,
    "swin15Time": 270,
    "swin20Rate": 0.11333333333333333,
    "swin20Time": 153,
    "swin25Rate": 0.06592592592592593,
    "swin25Time": 89,
    "swin30Rate": 0.040740740740740744,
    "swin30Time": 55,
    "swin35Rate": 0.028888888888888888,
    "swin35Time": 39,
    "swin40Rate": 0.02,
    "swin40Time": 27,
    "swin45Rate": 0.014814814814814815,
    "swin45Time": 20,
    "swin50Rate": 0.011851851851851851,
    "swin50Time": 16,
    "swin55Rate": 0.008148148148148147,
    "swin55Time": 11,
    "swin5Rate": 0.4955555555555556,
    "swin5Time": 669,
    "swinRate": 0.6940740740740741,
    "swinTime": 937,
    "win": 0.151436682696737,
    "win10Rate": 0.6237037037037036,
    "win10Time": 842,
    "win15Rate": 0.43777777777777777,
    "win15Time": 591,
    "win20Rate": 0.2740740740740741,
    "win20Time": 370,
    "win25Rate": 0.1688888888888889,
    "win25Time": 228,
    "win30Rate": 0.1,
    "win30Time": 135,
    "win35Rate": 0.06296296296296296,
    "win35Time": 85,
    "win40Rate": 0.04148148148148148,
    "win40Time": 56,
    "win45Rate": 0.027407407407407408,
    "win45Time": 37,
    "win50Rate": 0.017037037037037038,
    "win50Time": 23,
    "win55Rate": 0.015555555555555555,
    "win55Time": 21,
    "win5Rate": 0.8051851851851852,
    "win5Time": 1087,
    "winRate": 0.4740740740740741,
    "winTime": 640,
    "yearRate": 1.3392467149176162
}