{
    "buyTime": 1300,
    "exp": 0.01913490799848316,
    "lose": -0.14350473534745672,
    "param": {
        "nextCMD": "C:/Python34/python.exe findBetterParam.py nodeParam.json nodeRst.json",
        "trader": {
            "Class": "AverageTrader",
            "config": {
                "maxBuyLose": -0.9323602848907605,
                "maxDay": 35,
                "minBuyExp": 0.42565347053819524,
                "minBuyLose": -0.27846739995276637,
                "posDayCount": 139
            },
            "values": [
                [
                    "seller",
                    {
                        "Class": "SimpleSeller",
                        "config": {
                            "backSell": -0.1,
                            "loseSell": -0.2,
                            "maxDay": 35,
                            "winSell": 0.9
                        }
                    }
                ]
            ]
        }
    },
    "sSellDay": 31.18076923076923,
    "swin": 0.12963638739510008,
    "swin10Rate": 0.5146153846153846,
    "swin10Time": 669,
    "swin15Rate": 0.42153846153846153,
    "swin15Time": 548,
    "swin20Rate": 0.33615384615384614,
    "swin20Time": 437,
    "swin25Rate": 0.25846153846153846,
    "swin25Time": 336,
    "swin30Rate": 0.20461538461538462,
    "swin30Time": 266,
    "swin35Rate": 0.16076923076923078,
    "swin35Time": 209,
    "swin40Rate": 0.12538461538461537,
    "swin40Time": 163,
    "swin45Rate": 0.10615384615384615,
    "swin45Time": 138,
    "swin50Rate": 0.09076923076923077,
    "swin50Time": 118,
    "swin55Rate": 0.07307692307692308,
    "swin55Time": 95,
    "swin5Rate": 0.5976923076923077,
    "swin5Time": 777,
    "swinRate": 0.6861538461538461,
    "swinTime": 892,
    "win": 0.30614437869339617,
    "win10Rate": 0.8023076923076923,
    "win10Time": 1043,
    "win15Rate": 0.7061538461538461,
    "win15Time": 918,
    "win20Rate": 0.61,
    "win20Time": 793,
    "win25Rate": 0.5046153846153846,
    "win25Time": 656,
    "win30Rate": 0.42538461538461536,
    "win30Time": 553,
    "win35Rate": 0.33,
    "win35Time": 429,
    "win40Rate": 0.25769230769230766,
    "win40Time": 335,
    "win45Rate": 0.2053846153846154,
    "win45Time": 267,
    "win50Rate": 0.17,
    "win50Time": 221,
    "win55Rate": 0.13538461538461538,
    "win55Time": 176,
    "win5Rate": 0.8992307692307693,
    "win5Time": 1169,
    "winRate": 0.5207692307692308,
    "winTime": 677,
    "yearRate": 0.9978180058534902
}