{
    "buyTime": 2390,
    "exp": 0.05389789166676316,
    "lose": -0.1498815280106176,
    "param": {
        "nextCMD": "C:/Python34/python.exe findBetterParam.py nodeParam.json nodeRst.json",
        "trader": {
            "Class": "AverageTrader",
            "config": {
                "maxBuyLose": -0.3787192889078821,
                "maxDay": 41,
                "minBuyExp": 0.4829591042233556,
                "minBuyLose": -0.1762255757925228,
                "posDayCount": 97
            },
            "values": [
                [
                    "seller",
                    {
                        "Class": "SimpleSeller",
                        "config": {
                            "backSell": -0.1,
                            "loseSell": -0.2,
                            "maxDay": 41,
                            "winSell": 0.9
                        }
                    }
                ]
            ]
        }
    },
    "sSellDay": 34.61087866108787,
    "swin": 0.1481035558772732,
    "swin10Rate": 0.5640167364016736,
    "swin10Time": 1348,
    "swin15Rate": 0.4811715481171548,
    "swin15Time": 1150,
    "swin20Rate": 0.41380753138075316,
    "swin20Time": 989,
    "swin25Rate": 0.34518828451882844,
    "swin25Time": 825,
    "swin30Rate": 0.27489539748953973,
    "swin30Time": 657,
    "swin35Rate": 0.21464435146443514,
    "swin35Time": 513,
    "swin40Rate": 0.17656903765690377,
    "swin40Time": 422,
    "swin45Rate": 0.1384937238493724,
    "swin45Time": 331,
    "swin50Rate": 0.10711297071129706,
    "swin50Time": 256,
    "swin55Rate": 0.08284518828451883,
    "swin55Time": 198,
    "swin5Rate": 0.6267782426778242,
    "swin5Time": 1498,
    "swinRate": 0.6845188284518828,
    "swinTime": 1636,
    "win": 0.35366094768799866,
    "win10Rate": 0.804602510460251,
    "win10Time": 1923,
    "win15Rate": 0.7397489539748954,
    "win15Time": 1768,
    "win20Rate": 0.6669456066945607,
    "win20Time": 1594,
    "win25Rate": 0.5941422594142259,
    "win25Time": 1420,
    "win30Rate": 0.5138075313807532,
    "win30Time": 1228,
    "win35Rate": 0.4401673640167364,
    "win35Time": 1052,
    "win40Rate": 0.36401673640167365,
    "win40Time": 870,
    "win45Rate": 0.300836820083682,
    "win45Time": 719,
    "win50Rate": 0.24476987447698745,
    "win50Time": 585,
    "win55Rate": 0.20125523012552302,
    "win55Time": 481,
    "win5Rate": 0.8794979079497908,
    "win5Time": 2102,
    "winRate": 0.6108786610878661,
    "winTime": 1460,
    "yearRate": 1.0269850054545928
}