{
    "buyTime": 1383,
    "exp": 0.10913941451580456,
    "lose": -0.15090436174046984,
    "param": {
        "nextCMD": "C:/Python34/python.exe findBetterParam.py nodeParam.json nodeRst.json",
        "trader": {
            "Class": "AverageTrader",
            "config": {
                "maxBuyLose": -0.4647402720831413,
                "maxDay": 48,
                "minBuyExp": 0.48106030728585525,
                "minBuyLose": -0.2375684484515755,
                "posDayCount": 117
            },
            "values": [
                [
                    "seller",
                    {
                        "Class": "SimpleSeller",
                        "config": {
                            "backSell": -0.1,
                            "loseSell": -0.2,
                            "maxDay": 48,
                            "winSell": 0.9
                        }
                    }
                ]
            ]
        }
    },
    "sSellDay": 41.48734634851772,
    "swin": 0.19638279964691774,
    "swin10Rate": 0.6362979031091829,
    "swin10Time": 880,
    "swin15Rate": 0.57411424439624,
    "swin15Time": 794,
    "swin20Rate": 0.5046999276934201,
    "swin20Time": 698,
    "swin25Rate": 0.43239334779464933,
    "swin25Time": 598,
    "swin30Rate": 0.36514822848879247,
    "swin30Time": 505,
    "swin35Rate": 0.28054953000723065,
    "swin35Time": 388,
    "swin40Rate": 0.2292118582791034,
    "swin40Time": 317,
    "swin45Rate": 0.17642805495300073,
    "swin45Time": 244,
    "swin50Rate": 0.14244396240057844,
    "swin50Time": 197,
    "swin55Rate": 0.11135213304410702,
    "swin55Time": 154,
    "swin5Rate": 0.690527838033261,
    "swin5Time": 955,
    "swinRate": 0.7237888647866956,
    "swinTime": 1001,
    "win": 0.4109481379967441,
    "win10Rate": 0.8669558929862617,
    "win10Time": 1199,
    "win15Rate": 0.8214027476500362,
    "win15Time": 1136,
    "win20Rate": 0.7592190889370932,
    "win20Time": 1050,
    "win25Rate": 0.702819956616052,
    "win25Time": 972,
    "win30Rate": 0.6276211135213304,
    "win30Time": 868,
    "win35Rate": 0.5466377440347071,
    "win35Time": 756,
    "win40Rate": 0.4685466377440347,
    "win40Time": 648,
    "win45Rate": 0.38900939985538685,
    "win45Time": 538,
    "win50Rate": 0.3232104121475054,
    "win50Time": 447,
    "win55Rate": 0.2588575560375994,
    "win55Time": 358,
    "win5Rate": 0.9226319595083152,
    "win5Time": 1276,
    "winRate": 0.6579898770788142,
    "winTime": 910,
    "yearRate": 1.136054148157013
}