{"win50Time": 4, "swin35Time": 2, "win10Rate": 0.8235294117647058, "swin15Rate": 0.29411764705882354, "buyTime": 17, "win30Time": 10, "winRate": 0.47058823529411764, "swin20Rate": 0.23529411764705882, "yearRate": 0.04668373424157302, "win55Rate": 0.23529411764705882, "lose": -0.22454824298346698, "swin25Time": 4, "swin20Time": 4, "swin30Time": 3, "swin10Rate": 0.35294117647058826, "swin5Time": 7, "win25Rate": 0.6470588235294118, "winTime": 8, "swin10Time": 6, "win55Time": 4, "swin40Rate": 0.11764705882352941, "win15Rate": 0.8235294117647058, "swin5Rate": 0.4117647058823529, "swin30Rate": 0.17647058823529413, "swin45Rate": 0.11764705882352941, "win20Time": 14, "win5Rate": 0.8235294117647058, "swin55Time": 2, "win15Time": 14, "win45Rate": 0.29411764705882354, "swin45Time": 2, "win5Time": 14, "win": 0.37352237004726274, "exp": -0.07557411591967117, "swin50Time": 2, "param": {"trader": {"Class": "AverageTrader", "values": [["seller", {"Class": "SimpleSeller", "config": {"winSell": 0.9, "loseSell": -0.2, "backSell": -0.1, "maxDay": 56}}]], "config": {"minBuyExp": 0.3062228007150668, "posDayCount": 96, "maxBuyLose": -0.43696638468411686, "maxDay": 56, "minBuyLose": -0.4029407843896405}}}, "swin55Rate": 0.11764705882352941, "win30Rate": 0.5882352941176471, "win35Time": 9, "swin50Rate": 0.11764705882352941, "sSellDay": 41.294117647058826, "swinRate": 0.4117647058823529, "swinTime": 7, "swin40Time": 2, "swin25Rate": 0.23529411764705882, "swin15Time": 5, "win40Rate": 0.4117647058823529, "win10Time": 14, "win20Rate": 0.8235294117647058, "win35Rate": 0.5294117647058824, "swin": 0.00803234839156477, "win25Time": 11, "win40Time": 7, "swin35Rate": 0.11764705882352941, "win50Rate": 0.23529411764705882, "win45Time": 5}