{
    "buyTime": 2037,
    "exp": 0.19445532055877351,
    "lose": -0.18214963325917707,
    "param": {
        "nextCMD": "D:/ProgramData/Anaconda3/python.exe findBetterParam.py nodeParam.json nodeRst.json",
        "trader": {
            "Class": "AverageTrader",
            "config": {
                "maxBuyLose": -0.7667335874494301,
                "maxDay": 74,
                "minBuyExp": 0.5432205213808541,
                "minBuyLose": -0.2177349248857804,
                "posDayCount": 126
            },
            "values": [
                [
                    "seller",
                    {
                        "Class": "SimpleSeller",
                        "config": {
                            "backSell": -0.1,
                            "loseSell": -0.2,
                            "maxDay": 74,
                            "winSell": 0.9
                        }
                    }
                ]
            ]
        }
    },
    "sSellDay": 59.62788414334806,
    "swin": 0.21976782215277912,
    "swin10Rate": 0.5837015218458518,
    "swin10Time": 1189,
    "swin15Rate": 0.5537555228276878,
    "swin15Time": 1128,
    "swin20Rate": 0.5095729013254786,
    "swin20Time": 1038,
    "swin25Rate": 0.4585174275895925,
    "swin25Time": 934,
    "swin30Rate": 0.4050073637702504,
    "swin30Time": 825,
    "swin35Rate": 0.3598429062346588,
    "swin35Time": 733,
    "swin40Rate": 0.31075110456553756,
    "swin40Time": 633,
    "swin45Rate": 0.2616593028964163,
    "swin45Time": 533,
    "swin50Rate": 0.22042218949435444,
    "swin50Time": 449,
    "swin55Rate": 0.19096710849288168,
    "swin55Time": 389,
    "swin5Rate": 0.6102110947471773,
    "swin5Time": 1243,
    "swinRate": 0.6372115856651939,
    "swinTime": 1298,
    "win": 0.5587545870771277,
    "win10Rate": 0.8895434462444771,
    "win10Time": 1812,
    "win15Rate": 0.8694158075601375,
    "win15Time": 1771,
    "win20Rate": 0.8379970544918999,
    "win20Time": 1707,
    "win25Rate": 0.8144329896907216,
    "win25Time": 1659,
    "win30Rate": 0.7761413843888071,
    "win30Time": 1581,
    "win35Rate": 0.7393225331369662,
    "win35Time": 1506,
    "win40Rate": 0.6872852233676976,
    "win40Time": 1400,
    "win45Rate": 0.6175748649975454,
    "win45Time": 1258,
    "win50Rate": 0.5513009327442318,
    "win50Time": 1123,
    "win55Rate": 0.47569955817378495,
    "win55Time": 969,
    "win5Rate": 0.9258713794796269,
    "win5Time": 1886,
    "winRate": 0.7034855179185077,
    "winTime": 1433,
    "yearRate": 0.8845572516017409
}