{
    "buyTime": 1241,
    "exp": -0.051006285538800676,
    "lose": -0.10906785743959388,
    "param": {
        "nextCMD": "D:/ProgramData/Anaconda3/python.exe findBetterParam.py nodeParam.json nodeRst.json",
        "trader": {
            "Class": "AverageTrader",
            "config": {
                "maxBuyLose": -0.24547528940679264,
                "maxDay": 15,
                "minBuyExp": 0.41682200553451776,
                "minBuyLose": -0.20816058067423182,
                "posDayCount": 123
            },
            "values": [
                [
                    "seller",
                    {
                        "Class": "SimpleSeller",
                        "config": {
                            "backSell": -0.1,
                            "loseSell": -0.2,
                            "maxDay": 15,
                            "winSell": 0.9
                        }
                    }
                ]
            ]
        }
    },
    "sSellDay": 14.265914585012087,
    "swin": 0.04898851327352694,
    "swin10Rate": 0.35938759065269943,
    "swin10Time": 446,
    "swin15Rate": 0.22804190169218372,
    "swin15Time": 283,
    "swin20Rate": 0.1434327155519742,
    "swin20Time": 178,
    "swin25Rate": 0.09347300564061241,
    "swin25Time": 116,
    "swin30Rate": 0.062046736502820304,
    "swin30Time": 77,
    "swin35Rate": 0.032232070910556,
    "swin35Time": 40,
    "swin40Rate": 0.024174053182917002,
    "swin40Time": 30,
    "swin45Rate": 0.0128928283642224,
    "swin45Time": 16,
    "swin50Rate": 0.008058017727639,
    "swin50Time": 10,
    "swin55Rate": 0.0064464141821112,
    "swin55Time": 8,
    "swin5Rate": 0.5213537469782433,
    "swin5Time": 647,
    "swinRate": 0.6551168412570507,
    "swinTime": 813,
    "win": 0.16712942934038744,
    "win10Rate": 0.6462530217566479,
    "win10Time": 802,
    "win15Rate": 0.48912167606768736,
    "win15Time": 607,
    "win20Rate": 0.3271555197421434,
    "win20Time": 406,
    "win25Rate": 0.21756647864625303,
    "win25Time": 270,
    "win30Rate": 0.13537469782433523,
    "win30Time": 168,
    "win35Rate": 0.09186140209508462,
    "win35Time": 114,
    "win40Rate": 0.06607574536663981,
    "win40Time": 82,
    "win45Rate": 0.0410958904109589,
    "win45Time": 51,
    "win50Rate": 0.028203062046736505,
    "win50Time": 35,
    "win55Rate": 0.021756647864625302,
    "win55Time": 27,
    "win5Rate": 0.8058017727639001,
    "win5Time": 1000,
    "winRate": 0.45527800161160353,
    "winTime": 565,
    "yearRate": 0.8241492766260317
}