{
    "buyTime": 1090,
    "exp": 0.3103907728951866,
    "lose": -0.12323426967679016,
    "param": {
        "nextCMD": "C:/Python34/python.exe findBetterParam.py nodeParam.json nodeRst.json",
        "trader": {
            "Class": "AverageTrader",
            "config": {
                "maxBuyLose": -0.4536270112529439,
                "maxDay": 55,
                "minBuyExp": 0.6518057500510941,
                "minBuyLose": -0.19028252398644652,
                "posDayCount": 86
            },
            "values": [
                [
                    "seller",
                    {
                        "Class": "SimpleSeller",
                        "config": {
                            "backSell": -0.1,
                            "loseSell": -0.2,
                            "maxDay": 55,
                            "winSell": 0.9
                        }
                    }
                ]
            ]
        }
    },
    "sSellDay": 47.41559633027523,
    "swin": 0.3127630884055431,
    "swin10Rate": 0.7128440366972477,
    "swin10Time": 777,
    "swin15Rate": 0.6669724770642201,
    "swin15Time": 727,
    "swin20Rate": 0.6275229357798165,
    "swin20Time": 684,
    "swin25Rate": 0.5724770642201835,
    "swin25Time": 624,
    "swin30Rate": 0.5192660550458715,
    "swin30Time": 566,
    "swin35Rate": 0.47522935779816516,
    "swin35Time": 518,
    "swin40Rate": 0.41467889908256883,
    "swin40Time": 452,
    "swin45Rate": 0.3522935779816514,
    "swin45Time": 384,
    "swin50Rate": 0.29908256880733947,
    "swin50Time": 326,
    "swin55Rate": 0.24954128440366974,
    "swin55Time": 272,
    "swin5Rate": 0.7559633027522936,
    "swin5Time": 824,
    "swinRate": 0.7779816513761468,
    "swinTime": 848,
    "win": 0.5568593122487675,
    "win10Rate": 0.9110091743119266,
    "win10Time": 993,
    "win15Rate": 0.8917431192660551,
    "win15Time": 972,
    "win20Rate": 0.8587155963302753,
    "win20Time": 936,
    "win25Rate": 0.8247706422018348,
    "win25Time": 899,
    "win30Rate": 0.7779816513761468,
    "win30Time": 848,
    "win35Rate": 0.7385321100917431,
    "win35Time": 805,
    "win40Rate": 0.673394495412844,
    "win40Time": 734,
    "win45Rate": 0.6128440366972477,
    "win45Time": 668,
    "win50Rate": 0.5348623853211009,
    "win50Time": 583,
    "win55Rate": 0.4761467889908257,
    "win55Time": 519,
    "win5Rate": 0.9330275229357798,
    "win5Time": 1017,
    "winRate": 0.7926605504587156,
    "winTime": 864,
    "yearRate": 1.583089679911965
}