{
    "buyTime": 1082,
    "exp": 0.5340431725314748,
    "lose": -0.1791438625228641,
    "param": {
        "nextCMD": "C:/Python34/python.exe findBetterParam.py nodeParam.json nodeRst.json",
        "trader": {
            "Class": "AverageTrader",
            "config": {
                "maxBuyLose": -0.8650611128879532,
                "maxDay": 131,
                "minBuyExp": 0.6178877294965286,
                "minBuyLose": -0.26087813751484823,
                "posDayCount": 139
            },
            "values": [
                [
                    "seller",
                    {
                        "Class": "SimpleSeller",
                        "config": {
                            "backSell": -0.1,
                            "loseSell": -0.2,
                            "maxDay": 131,
                            "winSell": 0.9
                        }
                    }
                ]
            ]
        }
    },
    "sSellDay": 88.80499075785582,
    "swin": 0.4474591981530463,
    "swin10Rate": 0.6885397412199631,
    "swin10Time": 745,
    "swin15Rate": 0.6682070240295749,
    "swin15Time": 723,
    "swin20Rate": 0.6506469500924215,
    "swin20Time": 704,
    "swin25Rate": 0.6321626617375231,
    "swin25Time": 684,
    "swin30Rate": 0.6127541589648798,
    "swin30Time": 663,
    "swin35Rate": 0.5933456561922366,
    "swin35Time": 642,
    "swin40Rate": 0.5748613678373382,
    "swin40Time": 622,
    "swin45Rate": 0.5462107208872459,
    "swin45Time": 591,
    "swin50Rate": 0.5268022181146026,
    "swin50Time": 570,
    "swin55Rate": 0.5018484288354899,
    "swin55Time": 543,
    "swin5Rate": 0.7060998151571165,
    "swin5Time": 764,
    "swinRate": 0.7134935304990758,
    "swinTime": 772,
    "win": 0.8923308975772044,
    "win10Rate": 0.9288354898336414,
    "win10Time": 1005,
    "win15Rate": 0.9149722735674677,
    "win15Time": 990,
    "win20Rate": 0.9011090573012939,
    "win20Time": 975,
    "win25Rate": 0.8863216266173752,
    "win25Time": 959,
    "win30Rate": 0.8613678373382625,
    "win30Time": 932,
    "win35Rate": 0.8364140480591498,
    "win35Time": 905,
    "win40Rate": 0.8160813308687616,
    "win40Time": 883,
    "win45Rate": 0.7837338262476895,
    "win45Time": 848,
    "win50Rate": 0.7541589648798521,
    "win50Time": 816,
    "win55Rate": 0.7162661737523105,
    "win55Time": 775,
    "win5Rate": 0.9547134935304991,
    "win5Time": 1033,
    "winRate": 0.7865064695009242,
    "winTime": 851,
    "yearRate": 1.2092812198984573
}