{
    "buyTime": 1424,
    "exp": 0.2127226041276536,
    "lose": -0.15985288641328693,
    "param": {
        "nextCMD": "C:/Python34/python.exe findBetterParam.py nodeParam.json nodeRst.json",
        "trader": {
            "Class": "AverageTrader",
            "config": {
                "maxBuyLose": -0.6323355293512889,
                "maxDay": 60,
                "minBuyExp": 0.5722235576038953,
                "minBuyLose": -0.2198702232060305,
                "posDayCount": 115
            },
            "values": [
                [
                    "seller",
                    {
                        "Class": "SimpleSeller",
                        "config": {
                            "backSell": -0.1,
                            "loseSell": -0.2,
                            "maxDay": 60,
                            "winSell": 0.9
                        }
                    }
                ]
            ]
        }
    },
    "sSellDay": 50.05547752808989,
    "swin": 0.251436082549741,
    "swin10Rate": 0.6383426966292135,
    "swin10Time": 909,
    "swin15Rate": 0.6095505617977528,
    "swin15Time": 868,
    "swin20Rate": 0.5751404494382022,
    "swin20Time": 819,
    "swin25Rate": 0.5252808988764045,
    "swin25Time": 748,
    "swin30Rate": 0.461376404494382,
    "swin30Time": 657,
    "swin35Rate": 0.40519662921348315,
    "swin35Time": 577,
    "swin40Rate": 0.34691011235955055,
    "swin40Time": 494,
    "swin45Rate": 0.29213483146067415,
    "swin45Time": 416,
    "swin50Rate": 0.24859550561797752,
    "swin50Time": 354,
    "swin55Rate": 0.19382022471910113,
    "swin55Time": 276,
    "swin5Rate": 0.6657303370786517,
    "swin5Time": 948,
    "swinRate": 0.6896067415730337,
    "swinTime": 982,
    "win": 0.5324283769542266,
    "win10Rate": 0.889747191011236,
    "win10Time": 1267,
    "win15Rate": 0.8679775280898876,
    "win15Time": 1236,
    "win20Rate": 0.8321629213483146,
    "win20Time": 1185,
    "win25Rate": 0.8068820224719101,
    "win25Time": 1149,
    "win30Rate": 0.7661516853932584,
    "win30Time": 1091,
    "win35Rate": 0.7205056179775281,
    "win35Time": 1026,
    "win40Rate": 0.6671348314606742,
    "win40Time": 950,
    "win45Rate": 0.5976123595505618,
    "win45Time": 851,
    "win50Rate": 0.526685393258427,
    "win50Time": 750,
    "win55Rate": 0.44803370786516855,
    "win55Time": 638,
    "win5Rate": 0.9290730337078652,
    "win5Time": 1323,
    "winRate": 0.7282303370786517,
    "winTime": 1037,
    "yearRate": 1.2055555713772566
}