{
    "buyTime": 3050,
    "exp": 0.14621803560235802,
    "lose": -0.16866573865820184,
    "param": {
        "nextCMD": "D:/ProgramData/Anaconda3/python.exe findBetterParam.py nodeParam.json nodeRst.json",
        "trader": {
            "Class": "AverageTrader",
            "config": {
                "maxBuyLose": -0.7544614284680761,
                "maxDay": 61,
                "minBuyExp": 0.5154862473995899,
                "minBuyLose": -0.19595436553512252,
                "posDayCount": 130
            },
            "values": [
                [
                    "seller",
                    {
                        "Class": "SimpleSeller",
                        "config": {
                            "backSell": -0.1,
                            "loseSell": -0.2,
                            "maxDay": 61,
                            "winSell": 0.9
                        }
                    }
                ]
            ]
        }
    },
    "sSellDay": 50.32983606557377,
    "swin": 0.2138844425048267,
    "swin10Rate": 0.6022950819672132,
    "swin10Time": 1837,
    "swin15Rate": 0.5639344262295082,
    "swin15Time": 1720,
    "swin20Rate": 0.5167213114754098,
    "swin20Time": 1576,
    "swin25Rate": 0.46295081967213114,
    "swin25Time": 1412,
    "swin30Rate": 0.41147540983606556,
    "swin30Time": 1255,
    "swin35Rate": 0.34327868852459015,
    "swin35Time": 1047,
    "swin40Rate": 0.2875409836065574,
    "swin40Time": 877,
    "swin45Rate": 0.24131147540983608,
    "swin45Time": 736,
    "swin50Rate": 0.19868852459016392,
    "swin50Time": 606,
    "swin55Rate": 0.16098360655737706,
    "swin55Time": 491,
    "swin5Rate": 0.6357377049180328,
    "swin5Time": 1939,
    "swinRate": 0.6678688524590164,
    "swinTime": 2037,
    "win": 0.48354951291876175,
    "win10Rate": 0.8501639344262295,
    "win10Time": 2593,
    "win15Rate": 0.8177049180327869,
    "win15Time": 2494,
    "win20Rate": 0.7819672131147541,
    "win20Time": 2385,
    "win25Rate": 0.7488524590163934,
    "win25Time": 2284,
    "win30Rate": 0.7036065573770491,
    "win30Time": 2146,
    "win35Rate": 0.66,
    "win35Time": 2013,
    "win40Rate": 0.5973770491803279,
    "win40Time": 1822,
    "win45Rate": 0.5245901639344263,
    "win45Time": 1600,
    "win50Rate": 0.44754098360655736,
    "win50Time": 1365,
    "win55Rate": 0.3819672131147541,
    "win55Time": 1165,
    "win5Rate": 0.9022950819672131,
    "win5Time": 2752,
    "winRate": 0.6832786885245902,
    "winTime": 2084,
    "yearRate": 1.0199172143990016
}