{
    "buyTime": 1197,
    "exp": 0.4354993269778093,
    "lose": -0.18493413568872893,
    "param": {
        "nextCMD": "C:/Python34/python.exe findBetterParam.py nodeParam.json nodeRst.json",
        "trader": {
            "Class": "AverageTrader",
            "config": {
                "maxBuyLose": -0.7259747383372073,
                "maxDay": 110,
                "minBuyExp": 0.6843911386975696,
                "minBuyLose": -0.23675301125724751,
                "posDayCount": 131
            },
            "values": [
                [
                    "seller",
                    {
                        "Class": "SimpleSeller",
                        "config": {
                            "backSell": -0.1,
                            "loseSell": -0.2,
                            "maxDay": 110,
                            "winSell": 0.9
                        }
                    }
                ]
            ]
        }
    },
    "sSellDay": 78.88471177944862,
    "swin": 0.399927162546479,
    "swin10Rate": 0.6541353383458647,
    "swin10Time": 783,
    "swin15Rate": 0.6365914786967418,
    "swin15Time": 762,
    "swin20Rate": 0.6198830409356725,
    "swin20Time": 742,
    "swin25Rate": 0.6056808688387636,
    "swin25Time": 725,
    "swin30Rate": 0.5856307435254804,
    "swin30Time": 701,
    "swin35Rate": 0.5672514619883041,
    "swin35Time": 679,
    "swin40Rate": 0.545530492898914,
    "swin40Time": 653,
    "swin45Rate": 0.5196324143692564,
    "swin45Time": 622,
    "swin50Rate": 0.47451963241436923,
    "swin50Time": 568,
    "swin55Rate": 0.4469507101086048,
    "swin55Time": 535,
    "swin5Rate": 0.672514619883041,
    "swin5Time": 805,
    "swinRate": 0.6900584795321637,
    "swinTime": 826,
    "win": 0.8053675983552677,
    "win10Rate": 0.9072681704260651,
    "win10Time": 1086,
    "win15Rate": 0.8964076858813701,
    "win15Time": 1073,
    "win20Rate": 0.8805346700083542,
    "win20Time": 1054,
    "win25Rate": 0.8646616541353384,
    "win25Time": 1035,
    "win30Rate": 0.8395989974937343,
    "win30Time": 1005,
    "win35Rate": 0.8212197159565581,
    "win35Time": 983,
    "win40Rate": 0.7994987468671679,
    "win40Time": 957,
    "win45Rate": 0.7677527151211362,
    "win45Time": 919,
    "win50Rate": 0.7326649958228906,
    "win50Time": 877,
    "win55Rate": 0.6766917293233082,
    "win55Time": 810,
    "win5Rate": 0.9415204678362573,
    "win5Time": 1127,
    "winRate": 0.772765246449457,
    "winTime": 925,
    "yearRate": 1.2167442441763567
}