{
    "buyTime": 1919,
    "exp": 0.02625250555021178,
    "lose": -0.14340860730651084,
    "param": {
        "nextCMD": "D:/ProgramData/Anaconda3/python.exe findBetterParam.py nodeParam.json nodeRst.json",
        "trader": {
            "Class": "AverageTrader",
            "config": {
                "maxBuyLose": -0.34347773101883194,
                "maxDay": 39,
                "minBuyExp": 0.42609019198834386,
                "minBuyLose": -0.2295216988288728,
                "posDayCount": 123
            },
            "values": [
                [
                    "seller",
                    {
                        "Class": "SimpleSeller",
                        "config": {
                            "backSell": -0.1,
                            "loseSell": -0.2,
                            "maxDay": 39,
                            "winSell": 0.9
                        }
                    }
                ]
            ]
        }
    },
    "sSellDay": 34.54194893173528,
    "swin": 0.13897647022086518,
    "swin10Rate": 0.5581031787389266,
    "swin10Time": 1071,
    "swin15Rate": 0.4731631057842626,
    "swin15Time": 908,
    "swin20Rate": 0.38405419489317355,
    "swin20Time": 737,
    "swin25Rate": 0.30119854090672227,
    "swin25Time": 578,
    "swin30Rate": 0.23397602918186555,
    "swin30Time": 449,
    "swin35Rate": 0.1839499739447629,
    "swin35Time": 353,
    "swin40Rate": 0.13340281396560708,
    "swin40Time": 256,
    "swin45Rate": 0.10109431995831163,
    "swin45Time": 194,
    "swin50Rate": 0.0760812923397603,
    "swin50Time": 146,
    "swin55Rate": 0.05627931214174049,
    "swin55Time": 108,
    "swin5Rate": 0.6466909848879625,
    "swin5Time": 1241,
    "swinRate": 0.7170401250651381,
    "swinTime": 1376,
    "win": 0.3130697201632342,
    "win10Rate": 0.8202188639916623,
    "win10Time": 1574,
    "win15Rate": 0.7352787910369984,
    "win15Time": 1411,
    "win20Rate": 0.6310578426263679,
    "win20Time": 1211,
    "win25Rate": 0.5351745700885878,
    "win25Time": 1027,
    "win30Rate": 0.4413757165190203,
    "win30Time": 847,
    "win35Rate": 0.3533090151120375,
    "win35Time": 678,
    "win40Rate": 0.28817092235539343,
    "win40Time": 553,
    "win45Rate": 0.23189161021365295,
    "win45Time": 445,
    "win50Rate": 0.18030224075039084,
    "win50Time": 346,
    "win55Rate": 0.14017717561229806,
    "win55Time": 269,
    "win5Rate": 0.8968212610734758,
    "win5Time": 1721,
    "winRate": 0.5539343408025013,
    "winTime": 1063,
    "yearRate": 0.9656187298211035
}