{
    "buyTime": 1235,
    "exp": 0.24517489654594873,
    "lose": -0.17113431553514227,
    "param": {
        "nextCMD": "D:/ProgramData/Anaconda3/python.exe findBetterParam.py nodeParam.json nodeRst.json",
        "trader": {
            "Class": "AverageTrader",
            "config": {
                "maxBuyLose": -0.885739845278355,
                "maxDay": 77,
                "minBuyExp": 0.5376753991035327,
                "minBuyLose": -0.26841389874246935,
                "posDayCount": 143
            },
            "values": [
                [
                    "seller",
                    {
                        "Class": "SimpleSeller",
                        "config": {
                            "backSell": -0.1,
                            "loseSell": -0.2,
                            "maxDay": 77,
                            "winSell": 0.9
                        }
                    }
                ]
            ]
        }
    },
    "sSellDay": 62.51255060728745,
    "swin": 0.27708180520762615,
    "swin10Rate": 0.6502024291497975,
    "swin10Time": 803,
    "swin15Rate": 0.6242914979757085,
    "swin15Time": 771,
    "swin20Rate": 0.5821862348178137,
    "swin20Time": 719,
    "swin25Rate": 0.5368421052631579,
    "swin25Time": 663,
    "swin30Rate": 0.4987854251012146,
    "swin30Time": 616,
    "swin35Rate": 0.42591093117408907,
    "swin35Time": 526,
    "swin40Rate": 0.37732793522267205,
    "swin40Time": 466,
    "swin45Rate": 0.33522267206477735,
    "swin45Time": 414,
    "swin50Rate": 0.28663967611336033,
    "swin50Time": 354,
    "swin55Rate": 0.24453441295546557,
    "swin55Time": 302,
    "swin5Rate": 0.6672064777327935,
    "swin5Time": 824,
    "swinRate": 0.6850202429149798,
    "swinTime": 846,
    "win": 0.587443527616234,
    "win10Rate": 0.9133603238866397,
    "win10Time": 1128,
    "win15Rate": 0.8898785425101214,
    "win15Time": 1099,
    "win20Rate": 0.8680161943319838,
    "win20Time": 1072,
    "win25Rate": 0.8477732793522267,
    "win25Time": 1047,
    "win30Rate": 0.8153846153846154,
    "win30Time": 1007,
    "win35Rate": 0.7732793522267206,
    "win35Time": 955,
    "win40Rate": 0.7174089068825911,
    "win40Time": 886,
    "win45Rate": 0.6461538461538462,
    "win45Time": 798,
    "win50Rate": 0.5781376518218624,
    "win50Time": 714,
    "win55Rate": 0.5036437246963563,
    "win55Time": 622,
    "win5Rate": 0.9449392712550607,
    "win5Time": 1167,
    "winRate": 0.7327935222672065,
    "winTime": 905,
    "yearRate": 1.0637805145336372
}