{
    "buyTime": 1041,
    "exp": 0.23094421190742773,
    "lose": -0.10976478611806727,
    "param": {
        "nextCMD": "C:/Python34/python.exe findBetterParam.py nodeParam.json nodeRst.json",
        "trader": {
            "Class": "AverageTrader",
            "config": {
                "maxBuyLose": -0.7128050491191847,
                "maxDay": 38,
                "minBuyExp": 0.5715822411131546,
                "minBuyLose": -0.1925103678646064,
                "posDayCount": 78
            },
            "values": [
                [
                    "seller",
                    {
                        "Class": "SimpleSeller",
                        "config": {
                            "backSell": -0.1,
                            "loseSell": -0.2,
                            "maxDay": 38,
                            "winSell": 0.9
                        }
                    }
                ]
            ]
        }
    },
    "sSellDay": 34.09125840537944,
    "swin": 0.24917232585372545,
    "swin10Rate": 0.6945244956772334,
    "swin10Time": 723,
    "swin15Rate": 0.6282420749279539,
    "swin15Time": 654,
    "swin20Rate": 0.5456292026897214,
    "swin20Time": 568,
    "swin25Rate": 0.45341018251681076,
    "swin25Time": 472,
    "swin30Rate": 0.3919308357348703,
    "swin30Time": 408,
    "swin35Rate": 0.32468780019212296,
    "swin35Time": 338,
    "swin40Rate": 0.2632084534101825,
    "swin40Time": 274,
    "swin45Rate": 0.2228626320845341,
    "swin45Time": 232,
    "swin50Rate": 0.1777137367915466,
    "swin50Time": 185,
    "swin55Rate": 0.14985590778097982,
    "swin55Time": 156,
    "swin5Rate": 0.7627281460134486,
    "swin5Time": 794,
    "swinRate": 0.8165225744476465,
    "swinTime": 850,
    "win": 0.4504737841435628,
    "win10Rate": 0.8962536023054755,
    "win10Time": 933,
    "win15Rate": 0.8578290105667628,
    "win15Time": 893,
    "win20Rate": 0.7944284341978867,
    "win20Time": 827,
    "win25Rate": 0.7310278578290106,
    "win25Time": 761,
    "win30Rate": 0.6493756003842459,
    "win30Time": 676,
    "win35Rate": 0.5648414985590778,
    "win35Time": 588,
    "win40Rate": 0.49279538904899134,
    "win40Time": 513,
    "win45Rate": 0.4303554274735831,
    "win45Time": 448,
    "win50Rate": 0.36503362151777136,
    "win50Time": 380,
    "win55Rate": 0.31316042267050914,
    "win55Time": 326,
    "win5Rate": 0.9337175792507204,
    "win5Time": 972,
    "winRate": 0.7406340057636888,
    "winTime": 771,
    "yearRate": 1.754155199957586
}