{
    "buyTime": 4328,
    "exp": 0.20586796246430936,
    "lose": -0.21848392449636106,
    "param": {
        "nextCMD": "D:/ProgramData/Anaconda3/python.exe findBetterParam.py nodeParam.json nodeRst.json",
        "trader": {
            "Class": "AverageTrader",
            "config": {
                "maxBuyLose": -0.425314263471711,
                "maxDay": 113,
                "minBuyExp": 0.5143890638968742,
                "minBuyLose": -0.17008024199384608,
                "posDayCount": 137
            },
            "values": [
                [
                    "seller",
                    {
                        "Class": "SimpleSeller",
                        "config": {
                            "backSell": -0.1,
                            "loseSell": -0.2,
                            "maxDay": 113,
                            "winSell": 0.9
                        }
                    }
                ]
            ]
        }
    },
    "sSellDay": 76.47227356746765,
    "swin": 0.2631524507931304,
    "swin10Rate": 0.5284195933456562,
    "swin10Time": 2287,
    "swin15Rate": 0.49792051756007394,
    "swin15Time": 2155,
    "swin20Rate": 0.474815157116451,
    "swin20Time": 2055,
    "swin25Rate": 0.45471349353049906,
    "swin25Time": 1968,
    "swin30Rate": 0.43715341959334564,
    "swin30Time": 1892,
    "swin35Rate": 0.41104436229205177,
    "swin35Time": 1779,
    "swin40Rate": 0.39209796672828096,
    "swin40Time": 1697,
    "swin45Rate": 0.37130314232902034,
    "swin45Time": 1607,
    "swin50Rate": 0.34865988909426987,
    "swin50Time": 1509,
    "swin55Rate": 0.32162661737523107,
    "swin55Time": 1392,
    "swin5Rate": 0.5506007393715342,
    "swin5Time": 2383,
    "swinRate": 0.5804066543438078,
    "swinTime": 2512,
    "win": 0.6428358114570326,
    "win10Rate": 0.8433456561922366,
    "win10Time": 3650,
    "win15Rate": 0.8059149722735675,
    "win15Time": 3488,
    "win20Rate": 0.7677911275415896,
    "win20Time": 3323,
    "win25Rate": 0.7324399260628466,
    "win25Time": 3170,
    "win30Rate": 0.6883086876155268,
    "win30Time": 2979,
    "win35Rate": 0.6538817005545287,
    "win35Time": 2830,
    "win40Rate": 0.6176062846580407,
    "win40Time": 2673,
    "win45Rate": 0.5767097966728281,
    "win45Time": 2496,
    "win50Rate": 0.5376617375231053,
    "win50Time": 2327,
    "win55Rate": 0.49792051756007394,
    "win55Time": 2155,
    "win5Rate": 0.897181146025878,
    "win5Time": 3883,
    "winRate": 0.6203789279112755,
    "winTime": 2685,
    "yearRate": 0.8258756441265134
}