{
    "buyTime": 1299,
    "exp": 0.06614930120303422,
    "lose": -0.09478648683129531,
    "param": {
        "nextCMD": "C:/Python34/python.exe findBetterParam.py nodeParam.json nodeRst.json",
        "trader": {
            "Class": "AverageTrader",
            "config": {
                "maxBuyLose": -0.5040686009972368,
                "maxDay": 19,
                "minBuyExp": 0.6766007293738506,
                "minBuyLose": -0.15262376981833864,
                "posDayCount": 82
            },
            "values": [
                [
                    "seller",
                    {
                        "Class": "SimpleSeller",
                        "config": {
                            "backSell": -0.1,
                            "loseSell": -0.2,
                            "maxDay": 19,
                            "winSell": 0.9
                        }
                    }
                ]
            ]
        }
    },
    "sSellDay": 18.001539645881447,
    "swin": 0.12556262142945343,
    "swin10Rate": 0.5958429561200924,
    "swin10Time": 774,
    "swin15Rate": 0.4541955350269438,
    "swin15Time": 590,
    "swin20Rate": 0.3202463433410316,
    "swin20Time": 416,
    "swin25Rate": 0.2155504234026174,
    "swin25Time": 280,
    "swin30Rate": 0.14934565050038492,
    "swin30Time": 194,
    "swin35Rate": 0.0939183987682833,
    "swin35Time": 122,
    "swin40Rate": 0.061585835257890686,
    "swin40Time": 80,
    "swin45Rate": 0.04157043879907621,
    "swin45Time": 54,
    "swin50Rate": 0.02617397998460354,
    "swin50Time": 34,
    "swin55Rate": 0.020015396458814474,
    "swin55Time": 26,
    "swin5Rate": 0.7105465742879138,
    "swin5Time": 923,
    "swinRate": 0.7859892224788299,
    "swinTime": 1021,
    "win": 0.25572227486562515,
    "win10Rate": 0.8329484218629715,
    "win10Time": 1082,
    "win15Rate": 0.7297921478060047,
    "win15Time": 948,
    "win20Rate": 0.5981524249422633,
    "win20Time": 777,
    "win25Rate": 0.44649730561970746,
    "win25Time": 580,
    "win30Rate": 0.3348729792147806,
    "win30Time": 435,
    "win35Rate": 0.23787528868360278,
    "win35Time": 309,
    "win40Rate": 0.17321016166281755,
    "win40Time": 225,
    "win45Rate": 0.1262509622786759,
    "win45Time": 164,
    "win50Rate": 0.08314087759815242,
    "win50Time": 108,
    "win55Rate": 0.059276366435719784,
    "win55Time": 77,
    "win5Rate": 0.8991531947652041,
    "win5Time": 1168,
    "winRate": 0.6620477290223249,
    "winTime": 860,
    "yearRate": 1.6740250965124188
}