{
    "buyTime": 1174,
    "exp": 0.23400343359786718,
    "lose": -0.16852240933623966,
    "param": {
        "nextCMD": "C:/Python34/python.exe findBetterParam.py nodeParam.json nodeRst.json",
        "trader": {
            "Class": "AverageTrader",
            "config": {
                "maxBuyLose": -0.3833566292621249,
                "maxDay": 76,
                "minBuyExp": 0.5193678007903118,
                "minBuyLose": -0.26725778795352884,
                "posDayCount": 145
            },
            "values": [
                [
                    "seller",
                    {
                        "Class": "SimpleSeller",
                        "config": {
                            "backSell": -0.1,
                            "loseSell": -0.2,
                            "maxDay": 76,
                            "winSell": 0.9
                        }
                    }
                ]
            ]
        }
    },
    "sSellDay": 62.73594548551959,
    "swin": 0.2728470974455045,
    "swin10Rate": 0.6609880749574105,
    "swin10Time": 776,
    "swin15Rate": 0.6320272572402045,
    "swin15Time": 742,
    "swin20Rate": 0.596252129471891,
    "swin20Time": 700,
    "swin25Rate": 0.5417376490630323,
    "swin25Time": 636,
    "swin30Rate": 0.479557069846678,
    "swin30Time": 563,
    "swin35Rate": 0.42759795570698467,
    "swin35Time": 502,
    "swin40Rate": 0.379045996592845,
    "swin40Time": 445,
    "swin45Rate": 0.31771720613287907,
    "swin45Time": 373,
    "swin50Rate": 0.2683134582623509,
    "swin50Time": 315,
    "swin55Rate": 0.2282793867120954,
    "swin55Time": 268,
    "swin5Rate": 0.6797274275979557,
    "swin5Time": 798,
    "swinRate": 0.7018739352640545,
    "swinTime": 824,
    "win": 0.571048252270347,
    "win10Rate": 0.9080068143100511,
    "win10Time": 1066,
    "win15Rate": 0.8816013628620102,
    "win15Time": 1035,
    "win20Rate": 0.8594548551959114,
    "win20Time": 1009,
    "win25Rate": 0.8390119250425895,
    "win25Time": 985,
    "win30Rate": 0.8057921635434412,
    "win30Time": 946,
    "win35Rate": 0.7606473594548552,
    "win35Time": 893,
    "win40Rate": 0.7018739352640545,
    "win40Time": 824,
    "win45Rate": 0.6328790459965928,
    "win45Time": 743,
    "win50Rate": 0.5638841567291312,
    "win50Time": 662,
    "win55Rate": 0.4906303236797274,
    "win55Time": 576,
    "win5Rate": 0.9420783645655877,
    "win5Time": 1106,
    "winRate": 0.7291311754684838,
    "winTime": 856,
    "yearRate": 1.043792404500154
}