{
    "buyTime": 1085,
    "exp": 0.47651729988887026,
    "lose": -0.17894490027725057,
    "param": {
        "nextCMD": "C:/Python34/python.exe findBetterParam.py nodeParam.json nodeRst.json",
        "trader": {
            "Class": "AverageTrader",
            "config": {
                "maxBuyLose": -0.47101486647986535,
                "maxDay": 122,
                "minBuyExp": 0.5436518320654417,
                "minBuyLose": -0.2681892537248374,
                "posDayCount": 138
            },
            "values": [
                [
                    "seller",
                    {
                        "Class": "SimpleSeller",
                        "config": {
                            "backSell": -0.1,
                            "loseSell": -0.2,
                            "maxDay": 122,
                            "winSell": 0.9
                        }
                    }
                ]
            ]
        }
    },
    "sSellDay": 85.95391705069125,
    "swin": 0.422688273369011,
    "swin10Rate": 0.6829493087557603,
    "swin10Time": 741,
    "swin15Rate": 0.6617511520737327,
    "swin15Time": 718,
    "swin20Rate": 0.6387096774193548,
    "swin20Time": 693,
    "swin25Rate": 0.6202764976958526,
    "swin25Time": 673,
    "swin30Rate": 0.6046082949308755,
    "swin30Time": 656,
    "swin35Rate": 0.5788018433179724,
    "swin35Time": 628,
    "swin40Rate": 0.5594470046082949,
    "swin40Time": 607,
    "swin45Rate": 0.5345622119815668,
    "swin45Time": 580,
    "swin50Rate": 0.5032258064516129,
    "swin50Time": 546,
    "swin55Rate": 0.46728110599078343,
    "swin55Time": 507,
    "swin5Rate": 0.7004608294930875,
    "swin5Time": 760,
    "swinRate": 0.7105990783410139,
    "swinTime": 771,
    "win": 0.8344071004433722,
    "win10Rate": 0.9299539170506912,
    "win10Time": 1009,
    "win15Rate": 0.9188940092165898,
    "win15Time": 997,
    "win20Rate": 0.9023041474654377,
    "win20Time": 979,
    "win25Rate": 0.8811059907834101,
    "win25Time": 956,
    "win30Rate": 0.8617511520737328,
    "win30Time": 935,
    "win35Rate": 0.8350230414746543,
    "win35Time": 906,
    "win40Rate": 0.8055299539170507,
    "win40Time": 874,
    "win45Rate": 0.7751152073732719,
    "win45Time": 841,
    "win50Rate": 0.7400921658986175,
    "win50Time": 803,
    "win55Rate": 0.6986175115207374,
    "win55Time": 758,
    "win5Rate": 0.9511520737327189,
    "win5Time": 1032,
    "winRate": 0.7870967741935484,
    "winTime": 854,
    "yearRate": 1.1802276043887032
}