{
    "buyTime": 2245,
    "exp": 0.164796367344255,
    "lose": -0.17507831743132646,
    "param": {
        "nextCMD": "D:/ProgramData/Anaconda3/python.exe findBetterParam.py nodeParam.json nodeRst.json",
        "trader": {
            "Class": "AverageTrader",
            "config": {
                "maxBuyLose": -0.5511499239900954,
                "maxDay": 69,
                "minBuyExp": 0.4466675662518689,
                "minBuyLose": -0.24665478730868878,
                "posDayCount": 148
            },
            "values": [
                [
                    "seller",
                    {
                        "Class": "SimpleSeller",
                        "config": {
                            "backSell": -0.1,
                            "loseSell": -0.2,
                            "maxDay": 69,
                            "winSell": 0.9
                        }
                    }
                ]
            ]
        }
    },
    "sSellDay": 56.346993318485524,
    "swin": 0.21288377034277173,
    "swin10Rate": 0.5973273942093541,
    "swin10Time": 1341,
    "swin15Rate": 0.5581291759465479,
    "swin15Time": 1253,
    "swin20Rate": 0.5060133630289533,
    "swin20Time": 1136,
    "swin25Rate": 0.45077951002227173,
    "swin25Time": 1012,
    "swin30Rate": 0.39198218262806234,
    "swin30Time": 880,
    "swin35Rate": 0.34075723830734966,
    "swin35Time": 765,
    "swin40Rate": 0.2824053452115813,
    "swin40Time": 634,
    "swin45Rate": 0.2423162583518931,
    "swin45Time": 544,
    "swin50Rate": 0.20356347438752784,
    "swin50Time": 457,
    "swin55Rate": 0.1706013363028953,
    "swin55Time": 383,
    "swin5Rate": 0.6249443207126949,
    "swin5Time": 1403,
    "swinRate": 0.6570155902004454,
    "swinTime": 1475,
    "win": 0.5149530022069091,
    "win10Rate": 0.8806236080178174,
    "win10Time": 1977,
    "win15Rate": 0.8498886414253898,
    "win15Time": 1908,
    "win20Rate": 0.8187082405345212,
    "win20Time": 1838,
    "win25Rate": 0.7897550111358574,
    "win25Time": 1773,
    "win30Rate": 0.7483296213808464,
    "win30Time": 1680,
    "win35Rate": 0.6957683741648107,
    "win35Time": 1562,
    "win40Rate": 0.6262806236080178,
    "win40Time": 1406,
    "win45Rate": 0.5527839643652561,
    "win45Time": 1241,
    "win50Rate": 0.4864142538975501,
    "win50Time": 1092,
    "win55Rate": 0.41469933184855234,
    "win55Time": 931,
    "win5Rate": 0.9278396436525612,
    "win5Time": 2083,
    "winRate": 0.6815144766146993,
    "winTime": 1530,
    "yearRate": 0.9067405707609183
}