{
    "buyTime": 5863,
    "exp": -0.01806923845653559,
    "lose": -0.22944366198223523,
    "param": {
        "nextCMD": "D:/ProgramData/Anaconda3/python.exe findBetterParam.py nodeParam.json nodeRst.json",
        "trader": {
            "Class": "AverageTrader",
            "config": {
                "maxBuyLose": -0.7109689059108584,
                "maxDay": 80,
                "minBuyExp": 0.3457794162414427,
                "minBuyLose": -0.1636445530504999,
                "posDayCount": 121
            },
            "values": [
                [
                    "seller",
                    {
                        "Class": "SimpleSeller",
                        "config": {
                            "backSell": -0.1,
                            "loseSell": -0.2,
                            "maxDay": 80,
                            "winSell": 0.9
                        }
                    }
                ]
            ]
        }
    },
    "sSellDay": 57.7649667405765,
    "swin": 0.10624594784751218,
    "swin10Rate": 0.3984308374552277,
    "swin10Time": 2336,
    "swin15Rate": 0.3723349820910796,
    "swin15Time": 2183,
    "swin20Rate": 0.3482858604809824,
    "swin20Time": 2042,
    "swin25Rate": 0.31997271021661267,
    "swin25Time": 1876,
    "swin30Rate": 0.28824833702882485,
    "swin30Time": 1690,
    "swin35Rate": 0.26010574791062596,
    "swin35Time": 1525,
    "swin40Rate": 0.22855193586900904,
    "swin40Time": 1340,
    "swin45Rate": 0.20126215248166468,
    "swin45Time": 1180,
    "swin50Rate": 0.17584854170220024,
    "swin50Time": 1031,
    "swin55Rate": 0.15145829779976122,
    "swin55Time": 888,
    "swin5Rate": 0.42350332594235035,
    "swin5Time": 2483,
    "swinRate": 0.457274432884189,
    "swinTime": 2681,
    "win": 0.4408180855079345,
    "win10Rate": 0.7982261640798226,
    "win10Time": 4680,
    "win15Rate": 0.7407470578202285,
    "win15Time": 4343,
    "win20Rate": 0.6880436636534197,
    "win20Time": 4034,
    "win25Rate": 0.6394337369947126,
    "win25Time": 3749,
    "win30Rate": 0.5869009039740747,
    "win30Time": 3441,
    "win35Rate": 0.5382909773153676,
    "win35Time": 3156,
    "win40Rate": 0.4835408493945079,
    "win40Time": 2835,
    "win45Rate": 0.42657342657342656,
    "win45Time": 2501,
    "win50Rate": 0.3777929387685485,
    "win50Time": 2215,
    "win55Rate": 0.3250895446017397,
    "win55Time": 1906,
    "win5Rate": 0.8719085792256523,
    "win5Time": 5112,
    "winRate": 0.5225993518676445,
    "winTime": 3064,
    "yearRate": 0.4414271992559004
}