{
    "buyTime": 1091,
    "exp": 0.11264076418351279,
    "lose": -0.11814657267865661,
    "param": {
        "nextCMD": "C:/Python34/python.exe findBetterParam.py nodeParam.json nodeRst.json",
        "trader": {
            "Class": "AverageTrader",
            "config": {
                "maxBuyLose": -0.4109569914829262,
                "maxDay": 29,
                "minBuyExp": 0.5692916936097148,
                "minBuyLose": -0.20816625007774953,
                "posDayCount": 88
            },
            "values": [
                [
                    "seller",
                    {
                        "Class": "SimpleSeller",
                        "config": {
                            "backSell": -0.1,
                            "loseSell": -0.2,
                            "maxDay": 29,
                            "winSell": 0.9
                        }
                    }
                ]
            ]
        }
    },
    "sSellDay": 26.23923006416132,
    "swin": 0.18305692596027884,
    "swin10Rate": 0.6076993583868011,
    "swin10Time": 663,
    "swin15Rate": 0.5270394133822182,
    "swin15Time": 575,
    "swin20Rate": 0.45187901008249315,
    "swin20Time": 493,
    "swin25Rate": 0.3721356553620532,
    "swin25Time": 406,
    "swin30Rate": 0.30522456461961506,
    "swin30Time": 333,
    "swin35Rate": 0.2447296058661778,
    "swin35Time": 267,
    "swin40Rate": 0.1998166819431714,
    "swin40Time": 218,
    "swin45Rate": 0.1604032997250229,
    "swin45Time": 175,
    "swin50Rate": 0.1310724106324473,
    "swin50Time": 143,
    "swin55Rate": 0.10724106324472961,
    "swin55Time": 117,
    "swin5Rate": 0.6746104491292392,
    "swin5Time": 736,
    "swinRate": 0.7332722273143905,
    "swinTime": 800,
    "win": 0.3489339095408262,
    "win10Rate": 0.851512373968836,
    "win10Time": 929,
    "win15Rate": 0.7717690192483959,
    "win15Time": 842,
    "win20Rate": 0.6801099908340972,
    "win20Time": 742,
    "win25Rate": 0.5875343721356554,
    "win25Time": 641,
    "win30Rate": 0.4940421631530706,
    "win30Time": 539,
    "win35Rate": 0.4142988084326306,
    "win35Time": 452,
    "win40Rate": 0.3400549954170486,
    "win40Time": 371,
    "win45Rate": 0.2804766269477543,
    "win45Time": 306,
    "win50Rate": 0.23464711274060496,
    "win50Time": 256,
    "win55Rate": 0.19431714023831348,
    "win55Time": 212,
    "win5Rate": 0.9138405132905592,
    "win5Time": 997,
    "winRate": 0.6461961503208066,
    "winTime": 705,
    "yearRate": 1.6743502809738853
}