{
    "buyTime": 1434,
    "exp": 0.3034528579263966,
    "lose": -0.18598869454520672,
    "param": {
        "nextCMD": "C:/Python34/python.exe findBetterParam.py nodeParam.json nodeRst.json",
        "trader": {
            "Class": "AverageTrader",
            "config": {
                "maxBuyLose": -0.8734635048597892,
                "maxDay": 93,
                "minBuyExp": 0.5475175030092657,
                "minBuyLose": -0.24485068999998943,
                "posDayCount": 130
            },
            "values": [
                [
                    "seller",
                    {
                        "Class": "SimpleSeller",
                        "config": {
                            "backSell": -0.1,
                            "loseSell": -0.2,
                            "maxDay": 93,
                            "winSell": 0.9
                        }
                    }
                ]
            ]
        }
    },
    "sSellDay": 70.34518828451883,
    "swin": 0.3270664859177667,
    "swin10Rate": 0.6297071129707112,
    "swin10Time": 903,
    "swin15Rate": 0.6101813110181311,
    "swin15Time": 875,
    "swin20Rate": 0.5920502092050209,
    "swin20Time": 849,
    "swin25Rate": 0.5718270571827058,
    "swin25Time": 820,
    "swin30Rate": 0.5411436541143654,
    "swin30Time": 776,
    "swin35Rate": 0.497907949790795,
    "swin35Time": 714,
    "swin40Rate": 0.45536959553695955,
    "swin40Time": 653,
    "swin45Rate": 0.41492329149232915,
    "swin45Time": 595,
    "swin50Rate": 0.37099023709902373,
    "swin50Time": 532,
    "swin55Rate": 0.33751743375174337,
    "swin55Time": 484,
    "swin5Rate": 0.6471408647140865,
    "swin5Time": 928,
    "swinRate": 0.6687587168758717,
    "swinTime": 959,
    "win": 0.6754302470168106,
    "win10Rate": 0.905160390516039,
    "win10Time": 1298,
    "win15Rate": 0.8884239888423989,
    "win15Time": 1274,
    "win20Rate": 0.8661087866108786,
    "win20Time": 1242,
    "win25Rate": 0.8458856345885635,
    "win25Time": 1213,
    "win30Rate": 0.8179916317991632,
    "win30Time": 1173,
    "win35Rate": 0.7907949790794979,
    "win35Time": 1134,
    "win40Rate": 0.7552301255230126,
    "win40Time": 1083,
    "win45Rate": 0.703626220362622,
    "win45Time": 1009,
    "win50Rate": 0.6562064156206415,
    "win50Time": 941,
    "win55Rate": 0.5864714086471409,
    "win55Time": 841,
    "win5Rate": 0.9393305439330544,
    "win5Time": 1347,
    "winRate": 0.7364016736401674,
    "winTime": 1056,
    "yearRate": 1.1158681714345338
}