{
    "buyTime": 1337,
    "exp": 0.07853547823064354,
    "lose": -0.09898660141202945,
    "param": {
        "nextCMD": "C:/Python34/python.exe findBetterParam.py nodeParam.json nodeRst.json",
        "trader": {
            "Class": "AverageTrader",
            "config": {
                "maxBuyLose": -0.5589851700378374,
                "maxDay": 21,
                "minBuyExp": 0.6864477495902506,
                "minBuyLose": -0.15154129316267373,
                "posDayCount": 84
            },
            "values": [
                [
                    "seller",
                    {
                        "Class": "SimpleSeller",
                        "config": {
                            "backSell": -0.1,
                            "loseSell": -0.2,
                            "maxDay": 21,
                            "winSell": 0.9
                        }
                    }
                ]
            ]
        }
    },
    "sSellDay": 19.777112939416604,
    "swin": 0.1500427448030338,
    "swin10Rate": 0.6522064323111444,
    "swin10Time": 872,
    "swin15Rate": 0.5213163799551234,
    "swin15Time": 697,
    "swin20Rate": 0.40089753178758414,
    "swin20Time": 536,
    "swin25Rate": 0.2924457741211668,
    "swin25Time": 391,
    "swin30Rate": 0.21017202692595363,
    "swin30Time": 281,
    "swin35Rate": 0.14360508601346297,
    "swin35Time": 192,
    "swin40Rate": 0.09648466716529544,
    "swin40Time": 129,
    "swin45Rate": 0.0643231114435303,
    "swin45Time": 86,
    "swin50Rate": 0.048616305160807775,
    "swin50Time": 65,
    "swin55Rate": 0.03216155572176515,
    "swin55Time": 43,
    "swin5Rate": 0.7397157816005984,
    "swin5Time": 989,
    "swinRate": 0.7928197456993269,
    "swinTime": 1060,
    "win": 0.27650868105470244,
    "win10Rate": 0.8421839940164547,
    "win10Time": 1126,
    "win15Rate": 0.74943904263276,
    "win15Time": 1002,
    "win20Rate": 0.6409872849663426,
    "win20Time": 857,
    "win25Rate": 0.49663425579655945,
    "win25Time": 664,
    "win30Rate": 0.3807030665669409,
    "win30Time": 509,
    "win35Rate": 0.2857142857142857,
    "win35Time": 382,
    "win40Rate": 0.2169035153328347,
    "win40Time": 290,
    "win45Rate": 0.1593118922961855,
    "win45Time": 213,
    "win50Rate": 0.11443530291697832,
    "win50Time": 153,
    "win55Rate": 0.07554225878833208,
    "win55Time": 101,
    "win5Rate": 0.8952879581151832,
    "win5Time": 1197,
    "winRate": 0.6731488406881077,
    "winTime": 900,
    "yearRate": 1.820804627199058
}