{
    "buyTime": 1096,
    "exp": 0.07527141162059606,
    "lose": -0.10362442186922123,
    "param": {
        "nextCMD": "C:/Python34/python.exe findBetterParam.py nodeParam.json nodeRst.json",
        "trader": {
            "Class": "AverageTrader",
            "config": {
                "maxBuyLose": -0.39934109934437356,
                "maxDay": 21,
                "minBuyExp": 0.5224622199931257,
                "minBuyLose": -0.18179238513690443,
                "posDayCount": 74
            },
            "values": [
                [
                    "seller",
                    {
                        "Class": "SimpleSeller",
                        "config": {
                            "backSell": -0.1,
                            "loseSell": -0.2,
                            "maxDay": 21,
                            "winSell": 0.9
                        }
                    }
                ]
            ]
        }
    },
    "sSellDay": 19.58485401459854,
    "swin": 0.15481607009536547,
    "swin10Rate": 0.666970802919708,
    "swin10Time": 731,
    "swin15Rate": 0.5218978102189781,
    "swin15Time": 572,
    "swin20Rate": 0.39233576642335766,
    "swin20Time": 430,
    "swin25Rate": 0.291970802919708,
    "swin25Time": 320,
    "swin30Rate": 0.2116788321167883,
    "swin30Time": 232,
    "swin35Rate": 0.15054744525547445,
    "swin35Time": 165,
    "swin40Rate": 0.10036496350364964,
    "swin40Time": 110,
    "swin45Rate": 0.06569343065693431,
    "swin45Time": 72,
    "swin50Rate": 0.04927007299270073,
    "swin50Time": 54,
    "swin55Rate": 0.032846715328467155,
    "swin55Time": 36,
    "swin5Rate": 0.7481751824817519,
    "swin5Time": 820,
    "swinRate": 0.8029197080291971,
    "swinTime": 880,
    "win": 0.28252025535903846,
    "win10Rate": 0.8521897810218978,
    "win10Time": 934,
    "win15Rate": 0.7828467153284672,
    "win15Time": 858,
    "win20Rate": 0.6578467153284672,
    "win20Time": 721,
    "win25Rate": 0.5063868613138686,
    "win25Time": 555,
    "win30Rate": 0.3759124087591241,
    "win30Time": 412,
    "win35Rate": 0.28832116788321166,
    "win35Time": 316,
    "win40Rate": 0.2208029197080292,
    "win40Time": 242,
    "win45Rate": 0.15784671532846714,
    "win45Time": 173,
    "win50Rate": 0.11861313868613138,
    "win50Time": 130,
    "win55Rate": 0.08029197080291971,
    "win55Time": 88,
    "win5Rate": 0.9105839416058394,
    "win5Time": 998,
    "winRate": 0.6687956204379562,
    "winTime": 733,
    "yearRate": 1.8971730294845064
}