{
    "buyTime": 1506,
    "exp": -0.05038331921672552,
    "lose": -0.10109332830129121,
    "param": {
        "nextCMD": "C:/Python34/python.exe findBetterParam.py nodeParam.json nodeRst.json",
        "trader": {
            "Class": "AverageTrader",
            "config": {
                "maxBuyLose": -0.867674864348299,
                "maxDay": 11,
                "minBuyExp": 0.4700802131997579,
                "minBuyLose": -0.2537554161610529,
                "posDayCount": 131
            },
            "values": [
                [
                    "seller",
                    {
                        "Class": "SimpleSeller",
                        "config": {
                            "backSell": -0.1,
                            "loseSell": -0.2,
                            "maxDay": 11,
                            "winSell": 0.9
                        }
                    }
                ]
            ]
        }
    },
    "sSellDay": 10.705179282868526,
    "swin": 0.051619859852246305,
    "swin10Rate": 0.31341301460823373,
    "swin10Time": 472,
    "swin15Rate": 0.20451527224435592,
    "swin15Time": 308,
    "swin20Rate": 0.12416998671978752,
    "swin20Time": 187,
    "swin25Rate": 0.08233731739707835,
    "swin25Time": 124,
    "swin30Rate": 0.0551128818061089,
    "swin30Time": 83,
    "swin35Rate": 0.0351925630810093,
    "swin35Time": 53,
    "swin40Rate": 0.027224435590969456,
    "swin40Time": 41,
    "swin45Rate": 0.021248339973439574,
    "swin45Time": 32,
    "swin50Rate": 0.013944223107569721,
    "swin50Time": 21,
    "swin55Rate": 0.0099601593625498,
    "swin55Time": 15,
    "swin5Rate": 0.4594953519256308,
    "swin5Time": 692,
    "swinRate": 0.6374501992031872,
    "swinTime": 960,
    "win": 0.1518033373858565,
    "win10Rate": 0.5903054448871182,
    "win10Time": 889,
    "win15Rate": 0.41766268260292166,
    "win15Time": 629,
    "win20Rate": 0.2775564409030544,
    "win20Time": 418,
    "win25Rate": 0.1852589641434263,
    "win25Time": 279,
    "win30Rate": 0.11420982735723771,
    "win30Time": 172,
    "win35Rate": 0.08100929614873838,
    "win35Time": 122,
    "win40Rate": 0.05843293492695883,
    "win40Time": 88,
    "win45Rate": 0.03718459495351926,
    "win45Time": 56,
    "win50Rate": 0.02656042496679947,
    "win50Time": 40,
    "win55Rate": 0.01859229747675963,
    "win55Time": 28,
    "win5Rate": 0.7828685258964143,
    "win5Time": 1179,
    "winRate": 0.4196547144754316,
    "winTime": 632,
    "yearRate": 1.157268462039195
}