{
    "buyTime": 2048,
    "exp": 0.37743387562607533,
    "lose": -0.203403304989835,
    "param": {
        "nextCMD": "C:/Python34/python.exe findBetterParam.py nodeParam.json nodeRst.json",
        "trader": {
            "Class": "AverageTrader",
            "config": {
                "maxBuyLose": -0.7909923891197357,
                "maxDay": 129,
                "minBuyExp": 0.37945532752751454,
                "minBuyLose": -0.25472081249585754,
                "posDayCount": 136
            },
            "values": [
                [
                    "seller",
                    {
                        "Class": "SimpleSeller",
                        "config": {
                            "backSell": -0.1,
                            "loseSell": -0.2,
                            "maxDay": 129,
                            "winSell": 0.9
                        }
                    }
                ]
            ]
        }
    },
    "sSellDay": 83.08935546875,
    "swin": 0.3507012254779563,
    "swin10Rate": 0.60888671875,
    "swin10Time": 1247,
    "swin15Rate": 0.58544921875,
    "swin15Time": 1199,
    "swin20Rate": 0.560546875,
    "swin20Time": 1148,
    "swin25Rate": 0.5390625,
    "swin25Time": 1104,
    "swin30Rate": 0.52294921875,
    "swin30Time": 1071,
    "swin35Rate": 0.501953125,
    "swin35Time": 1028,
    "swin40Rate": 0.48486328125,
    "swin40Time": 993,
    "swin45Rate": 0.46435546875,
    "swin45Time": 951,
    "swin50Rate": 0.4423828125,
    "swin50Time": 906,
    "swin55Rate": 0.41943359375,
    "swin55Time": 859,
    "swin5Rate": 0.625,
    "swin5Time": 1280,
    "swinRate": 0.6328125,
    "swinTime": 1296,
    "win": 0.7842404856057436,
    "win10Rate": 0.89111328125,
    "win10Time": 1825,
    "win15Rate": 0.86865234375,
    "win15Time": 1779,
    "win20Rate": 0.84033203125,
    "win20Time": 1721,
    "win25Rate": 0.81103515625,
    "win25Time": 1661,
    "win30Rate": 0.775390625,
    "win30Time": 1588,
    "win35Rate": 0.7431640625,
    "win35Time": 1522,
    "win40Rate": 0.71240234375,
    "win40Time": 1459,
    "win45Rate": 0.677734375,
    "win45Time": 1388,
    "win50Rate": 0.64404296875,
    "win50Time": 1319,
    "win55Rate": 0.60302734375,
    "win55Time": 1235,
    "win5Rate": 0.93505859375,
    "win5Time": 1915,
    "winRate": 0.6875,
    "winTime": 1408,
    "yearRate": 1.012985281205669
}