{
    "buyTime": 3028,
    "exp": 0.006318478886024862,
    "lose": -0.1542671421225326,
    "param": {
        "nextCMD": "D:/ProgramData/Anaconda3/python.exe findBetterParam.py nodeParam.json nodeRst.json",
        "trader": {
            "Class": "AverageTrader",
            "config": {
                "maxBuyLose": -0.3867556642979013,
                "maxDay": 36,
                "minBuyExp": 0.3302371157067814,
                "minBuyLose": -0.14084476405774676,
                "posDayCount": 73
            },
            "values": [
                [
                    "seller",
                    {
                        "Class": "SimpleSeller",
                        "config": {
                            "backSell": -0.1,
                            "loseSell": -0.2,
                            "maxDay": 36,
                            "winSell": 0.9
                        }
                    }
                ]
            ]
        }
    },
    "sSellDay": 29.999339498018493,
    "swin": 0.11408847015779425,
    "swin10Rate": 0.4914134742404227,
    "swin10Time": 1488,
    "swin15Rate": 0.42668428005284015,
    "swin15Time": 1292,
    "swin20Rate": 0.36261558784676357,
    "swin20Time": 1098,
    "swin25Rate": 0.2906208718626156,
    "swin25Time": 880,
    "swin30Rate": 0.2404227212681638,
    "swin30Time": 728,
    "swin35Rate": 0.1951783355350066,
    "swin35Time": 591,
    "swin40Rate": 0.15819022457067372,
    "swin40Time": 479,
    "swin45Rate": 0.1284676354029062,
    "swin45Time": 389,
    "swin50Rate": 0.09808454425363276,
    "swin50Time": 297,
    "swin55Rate": 0.07793923381770146,
    "swin55Time": 236,
    "swin5Rate": 0.5571334214002642,
    "swin5Time": 1687,
    "swinRate": 0.6175693527080581,
    "swinTime": 1870,
    "win": 0.31485276313109,
    "win10Rate": 0.7711360634081902,
    "win10Time": 2335,
    "win15Rate": 0.6839498018494056,
    "win15Time": 2071,
    "win20Rate": 0.5987450462351387,
    "win20Time": 1813,
    "win25Rate": 0.5178335535006605,
    "win25Time": 1568,
    "win30Rate": 0.44121532364597094,
    "win30Time": 1336,
    "win35Rate": 0.36988110964332893,
    "win35Time": 1120,
    "win40Rate": 0.30416116248348746,
    "win40Time": 921,
    "win45Rate": 0.2513210039630119,
    "win45Time": 761,
    "win50Rate": 0.202113606340819,
    "win50Time": 612,
    "win55Rate": 0.1644649933949802,
    "win55Time": 498,
    "win5Rate": 0.8533685601056803,
    "win5Time": 2584,
    "winRate": 0.5531704095112285,
    "winTime": 1675,
    "yearRate": 0.9127278565476149
}