{
    "buyTime": 1530,
    "exp": 0.09018770455962076,
    "lose": -0.12482523868983603,
    "param": {
        "nextCMD": "C:/Python34/python.exe findBetterParam.py nodeParam.json nodeRst.json",
        "trader": {
            "Class": "AverageTrader",
            "config": {
                "maxBuyLose": -0.7201855688801735,
                "maxDay": 29,
                "minBuyExp": 0.4322781854303209,
                "minBuyLose": -0.1990925482981336,
                "posDayCount": 80
            },
            "values": [
                [
                    "seller",
                    {
                        "Class": "SimpleSeller",
                        "config": {
                            "backSell": -0.1,
                            "loseSell": -0.2,
                            "maxDay": 29,
                            "winSell": 0.9
                        }
                    }
                ]
            ]
        }
    },
    "sSellDay": 26.00392156862745,
    "swin": 0.1723222625535567,
    "swin10Rate": 0.6078431372549019,
    "swin10Time": 930,
    "swin15Rate": 0.5294117647058824,
    "swin15Time": 810,
    "swin20Rate": 0.4444444444444444,
    "swin20Time": 680,
    "swin25Rate": 0.361437908496732,
    "swin25Time": 553,
    "swin30Rate": 0.2856209150326797,
    "swin30Time": 437,
    "swin35Rate": 0.22745098039215686,
    "swin35Time": 348,
    "swin40Rate": 0.18104575163398692,
    "swin40Time": 277,
    "swin45Rate": 0.14183006535947712,
    "swin45Time": 217,
    "swin50Rate": 0.11633986928104575,
    "swin50Time": 178,
    "swin55Rate": 0.09411764705882353,
    "swin55Time": 144,
    "swin5Rate": 0.6745098039215687,
    "swin5Time": 1032,
    "swinRate": 0.7287581699346405,
    "swinTime": 1115,
    "win": 0.33983818193929266,
    "win10Rate": 0.8496732026143791,
    "win10Time": 1300,
    "win15Rate": 0.7718954248366013,
    "win15Time": 1181,
    "win20Rate": 0.6823529411764706,
    "win20Time": 1044,
    "win25Rate": 0.5836601307189543,
    "win25Time": 893,
    "win30Rate": 0.4849673202614379,
    "win30Time": 742,
    "win35Rate": 0.4019607843137255,
    "win35Time": 615,
    "win40Rate": 0.3156862745098039,
    "win40Time": 483,
    "win45Rate": 0.25882352941176473,
    "win45Time": 396,
    "win50Rate": 0.20915032679738563,
    "win50Time": 320,
    "win55Rate": 0.17450980392156862,
    "win55Time": 267,
    "win5Rate": 0.9052287581699346,
    "win5Time": 1385,
    "winRate": 0.6431372549019608,
    "winTime": 984,
    "yearRate": 1.5904271555237022
}