{
    "buyTime": 1123,
    "exp": 0.32938733153308075,
    "lose": -0.20512899781885166,
    "param": {
        "nextCMD": "D:/ProgramData/Anaconda3/python.exe findBetterParam.py nodeParam.json nodeRst.json",
        "trader": {
            "Class": "AverageTrader",
            "config": {
                "maxBuyLose": -0.5244751761209236,
                "maxDay": 110,
                "minBuyExp": 0.6851910916247319,
                "minBuyLose": -0.2077307796511268,
                "posDayCount": 110
            },
            "values": [
                [
                    "seller",
                    {
                        "Class": "SimpleSeller",
                        "config": {
                            "backSell": -0.1,
                            "loseSell": -0.2,
                            "maxDay": 110,
                            "winSell": 0.9
                        }
                    }
                ]
            ]
        }
    },
    "sSellDay": 75.8993766696349,
    "swin": 0.2838009783648291,
    "swin10Rate": 0.5369545859305432,
    "swin10Time": 603,
    "swin15Rate": 0.5111308993766697,
    "swin15Time": 574,
    "swin20Rate": 0.4826357969723954,
    "swin20Time": 542,
    "swin25Rate": 0.4692787177203918,
    "swin25Time": 527,
    "swin30Rate": 0.44345503116651824,
    "swin30Time": 498,
    "swin35Rate": 0.42475512021371326,
    "swin35Time": 477,
    "swin40Rate": 0.40605520926090827,
    "swin40Time": 456,
    "swin45Rate": 0.38646482635796975,
    "swin45Time": 434,
    "swin50Rate": 0.358860195903829,
    "swin50Time": 403,
    "swin55Rate": 0.3410507569011576,
    "swin55Time": 383,
    "swin5Rate": 0.5609973285841496,
    "swin5Time": 630,
    "swinRate": 0.5948352626892253,
    "swinTime": 668,
    "win": 0.7396453271707837,
    "win10Rate": 0.9029385574354408,
    "win10Time": 1014,
    "win15Rate": 0.8878005342831701,
    "win15Time": 997,
    "win20Rate": 0.8601959038290294,
    "win20Time": 966,
    "win25Rate": 0.8334817453250223,
    "win25Time": 936,
    "win30Rate": 0.7960819234194123,
    "win30Time": 894,
    "win35Rate": 0.7711487088156723,
    "win35Time": 866,
    "win40Rate": 0.7390917186108638,
    "win40Time": 830,
    "win45Rate": 0.703472840605521,
    "win45Time": 790,
    "win50Rate": 0.6544968833481746,
    "win50Time": 735,
    "win55Rate": 0.603739982190561,
    "win55Time": 678,
    "win5Rate": 0.9403383793410508,
    "win5Time": 1056,
    "winRate": 0.6901157613535174,
    "winTime": 775,
    "yearRate": 0.8974017679226696
}