{
    "buyTime": 2066,
    "exp": 0.20371322281022322,
    "lose": -0.1482623247968518,
    "param": {
        "nextCMD": "C:/Python34/python.exe findBetterParam.py nodeParam.json nodeRst.json",
        "trader": {
            "Class": "AverageTrader",
            "config": {
                "maxBuyLose": -0.9946316888658406,
                "maxDay": 57,
                "minBuyExp": 0.40828490774722226,
                "minBuyLose": -0.16356895708124303,
                "posDayCount": 75
            },
            "values": [
                [
                    "seller",
                    {
                        "Class": "SimpleSeller",
                        "config": {
                            "backSell": -0.1,
                            "loseSell": -0.2,
                            "maxDay": 57,
                            "winSell": 0.9
                        }
                    }
                ]
            ]
        }
    },
    "sSellDay": 46.788480154888674,
    "swin": 0.2515671787999892,
    "swin10Rate": 0.6452081316553727,
    "swin10Time": 1333,
    "swin15Rate": 0.6035818005808326,
    "swin15Time": 1247,
    "swin20Rate": 0.5629235237173281,
    "swin20Time": 1163,
    "swin25Rate": 0.5145208131655372,
    "swin25Time": 1063,
    "swin30Rate": 0.46224588576960307,
    "swin30Time": 955,
    "swin35Rate": 0.40416263310745404,
    "swin35Time": 835,
    "swin40Rate": 0.345595353339787,
    "swin40Time": 714,
    "swin45Rate": 0.2850919651500484,
    "swin45Time": 589,
    "swin50Rate": 0.2371732817037754,
    "swin50Time": 490,
    "swin55Rate": 0.20038722168441434,
    "swin55Time": 414,
    "swin5Rate": 0.68054211035818,
    "swin5Time": 1406,
    "swinRate": 0.7066795740561471,
    "swinTime": 1460,
    "win": 0.5002378724039269,
    "win10Rate": 0.8770571151984511,
    "win10Time": 1812,
    "win15Rate": 0.8373668925459826,
    "win15Time": 1730,
    "win20Rate": 0.7942884801548886,
    "win20Time": 1641,
    "win25Rate": 0.7545982575024202,
    "win25Time": 1559,
    "win30Rate": 0.7042594385285575,
    "win30Time": 1455,
    "win35Rate": 0.6510164569215876,
    "win35Time": 1345,
    "win40Rate": 0.5866408518877058,
    "win40Time": 1212,
    "win45Rate": 0.521297192642788,
    "win45Time": 1077,
    "win50Rate": 0.45401742497579867,
    "win50Time": 938,
    "win55Rate": 0.39448209099709586,
    "win55Time": 815,
    "win5Rate": 0.9220716360116167,
    "win5Time": 1905,
    "winRate": 0.7105517909002904,
    "winTime": 1468,
    "yearRate": 1.2904057304731458
}