{
    "buyTime": 1368,
    "exp": 0.22968470413339045,
    "lose": -0.12053177307509762,
    "param": {
        "nextCMD": "C:/Python34/python.exe findBetterParam.py nodeParam.json nodeRst.json",
        "trader": {
            "Class": "AverageTrader",
            "config": {
                "maxBuyLose": -0.9405581091428675,
                "maxDay": 47,
                "minBuyExp": 0.6398268722231419,
                "minBuyLose": -0.15457083400099192,
                "posDayCount": 81
            },
            "values": [
                [
                    "seller",
                    {
                        "Class": "SimpleSeller",
                        "config": {
                            "backSell": -0.1,
                            "loseSell": -0.2,
                            "maxDay": 47,
                            "winSell": 0.9
                        }
                    }
                ]
            ]
        }
    },
    "sSellDay": 40.8640350877193,
    "swin": 0.2570893037280305,
    "swin10Rate": 0.7141812865497076,
    "swin10Time": 977,
    "swin15Rate": 0.6564327485380117,
    "swin15Time": 898,
    "swin20Rate": 0.577485380116959,
    "swin20Time": 790,
    "swin25Rate": 0.5029239766081871,
    "swin25Time": 688,
    "swin30Rate": 0.4239766081871345,
    "swin30Time": 580,
    "swin35Rate": 0.35599415204678364,
    "swin35Time": 487,
    "swin40Rate": 0.2880116959064328,
    "swin40Time": 394,
    "swin45Rate": 0.2361111111111111,
    "swin45Time": 323,
    "swin50Rate": 0.19298245614035087,
    "swin50Time": 264,
    "swin55Rate": 0.1476608187134503,
    "swin55Time": 202,
    "swin5Rate": 0.7587719298245614,
    "swin5Time": 1038,
    "swinRate": 0.7872807017543859,
    "swinTime": 1077,
    "win": 0.4707482502835864,
    "win10Rate": 0.8845029239766082,
    "win10Time": 1210,
    "win15Rate": 0.8494152046783626,
    "win15Time": 1162,
    "win20Rate": 0.8011695906432749,
    "win20Time": 1096,
    "win25Rate": 0.7521929824561403,
    "win25Time": 1029,
    "win30Rate": 0.6820175438596491,
    "win30Time": 933,
    "win35Rate": 0.6213450292397661,
    "win35Time": 850,
    "win40Rate": 0.5497076023391813,
    "win40Time": 752,
    "win45Rate": 0.48099415204678364,
    "win45Time": 658,
    "win50Rate": 0.40350877192982454,
    "win50Time": 552,
    "win55Rate": 0.34210526315789475,
    "win55Time": 468,
    "win5Rate": 0.9195906432748538,
    "win5Time": 1258,
    "winRate": 0.7456140350877193,
    "winTime": 1020,
    "yearRate": 1.5099202211009797
}