{
    "buyTime": 1220,
    "exp": 0.2431254931495096,
    "lose": -0.1497504663761508,
    "param": {
        "nextCMD": "C:/Python34/python.exe findBetterParam.py nodeParam.json nodeRst.json",
        "trader": {
            "Class": "AverageTrader",
            "config": {
                "maxBuyLose": -0.7729787144724175,
                "maxDay": 60,
                "minBuyExp": 0.6673375135038365,
                "minBuyLose": -0.2485991840209208,
                "posDayCount": 142
            },
            "values": [
                [
                    "seller",
                    {
                        "Class": "SimpleSeller",
                        "config": {
                            "backSell": -0.1,
                            "loseSell": -0.2,
                            "maxDay": 60,
                            "winSell": 0.9
                        }
                    }
                ]
            ]
        }
    },
    "sSellDay": 51.3672131147541,
    "swin": 0.28272052149430243,
    "swin10Rate": 0.7122950819672131,
    "swin10Time": 869,
    "swin15Rate": 0.6754098360655738,
    "swin15Time": 824,
    "swin20Rate": 0.6221311475409836,
    "swin20Time": 759,
    "swin25Rate": 0.5606557377049181,
    "swin25Time": 684,
    "swin30Rate": 0.4860655737704918,
    "swin30Time": 593,
    "swin35Rate": 0.4131147540983607,
    "swin35Time": 504,
    "swin40Rate": 0.34098360655737703,
    "swin40Time": 416,
    "swin45Rate": 0.2778688524590164,
    "swin45Time": 339,
    "swin50Rate": 0.2319672131147541,
    "swin50Time": 283,
    "swin55Rate": 0.18442622950819673,
    "swin55Time": 225,
    "swin5Rate": 0.7385245901639345,
    "swin5Time": 901,
    "swinRate": 0.7647540983606558,
    "swinTime": 933,
    "win": 0.542626425901811,
    "win10Rate": 0.9008196721311476,
    "win10Time": 1099,
    "win15Rate": 0.8860655737704918,
    "win15Time": 1081,
    "win20Rate": 0.8622950819672132,
    "win20Time": 1052,
    "win25Rate": 0.8385245901639344,
    "win25Time": 1023,
    "win30Rate": 0.8008196721311476,
    "win30Time": 977,
    "win35Rate": 0.7549180327868853,
    "win35Time": 921,
    "win40Rate": 0.6901639344262295,
    "win40Time": 842,
    "win45Rate": 0.6040983606557377,
    "win45Time": 737,
    "win50Rate": 0.5245901639344263,
    "win50Time": 640,
    "win55Rate": 0.4360655737704918,
    "win55Time": 532,
    "win5Rate": 0.9360655737704918,
    "win5Time": 1142,
    "winRate": 0.7598360655737705,
    "winTime": 927,
    "yearRate": 1.3209384166325997
}