{
    "buyTime": 1090,
    "exp": 0.16447976436094003,
    "lose": -0.15362090815168844,
    "param": {
        "nextCMD": "C:/Python34/python.exe findBetterParam.py nodeParam.json nodeRst.json",
        "trader": {
            "Class": "AverageTrader",
            "config": {
                "maxBuyLose": -0.9826695230253298,
                "maxDay": 51,
                "minBuyExp": 0.4606189670844206,
                "minBuyLose": -0.22870389514624362,
                "posDayCount": 90
            },
            "values": [
                [
                    "seller",
                    {
                        "Class": "SimpleSeller",
                        "config": {
                            "backSell": -0.1,
                            "loseSell": -0.2,
                            "maxDay": 51,
                            "winSell": 0.9
                        }
                    }
                ]
            ]
        }
    },
    "sSellDay": 42.487155963302754,
    "swin": 0.23819404247274287,
    "swin10Rate": 0.6587155963302752,
    "swin10Time": 718,
    "swin15Rate": 0.6201834862385321,
    "swin15Time": 676,
    "swin20Rate": 0.5669724770642202,
    "swin20Time": 618,
    "swin25Rate": 0.5073394495412844,
    "swin25Time": 553,
    "swin30Rate": 0.43944954128440367,
    "swin30Time": 479,
    "swin35Rate": 0.3798165137614679,
    "swin35Time": 414,
    "swin40Rate": 0.3146788990825688,
    "swin40Time": 343,
    "swin45Rate": 0.26055045871559634,
    "swin45Time": 284,
    "swin50Rate": 0.21192660550458717,
    "swin50Time": 231,
    "swin55Rate": 0.17339449541284405,
    "swin55Time": 189,
    "swin5Rate": 0.6880733944954128,
    "swin5Time": 750,
    "swinRate": 0.710091743119266,
    "swinTime": 774,
    "win": 0.47172158066431663,
    "win10Rate": 0.8807339449541285,
    "win10Time": 960,
    "win15Rate": 0.8522935779816514,
    "win15Time": 929,
    "win20Rate": 0.8110091743119267,
    "win20Time": 884,
    "win25Rate": 0.7669724770642202,
    "win25Time": 836,
    "win30Rate": 0.7027522935779816,
    "win30Time": 766,
    "win35Rate": 0.6330275229357798,
    "win35Time": 690,
    "win40Rate": 0.5577981651376147,
    "win40Time": 608,
    "win45Rate": 0.48440366972477067,
    "win45Time": 528,
    "win50Rate": 0.41926605504587156,
    "win50Time": 457,
    "win55Rate": 0.3403669724770642,
    "win55Time": 371,
    "win5Rate": 0.9229357798165138,
    "win5Time": 1006,
    "winRate": 0.7091743119266055,
    "winTime": 773,
    "yearRate": 1.3455023970734714
}