{
    "buyTime": 1352,
    "exp": 0.2299940137466708,
    "lose": -0.16751082182817614,
    "param": {
        "nextCMD": "C:/Python34/python.exe findBetterParam.py nodeParam.json nodeRst.json",
        "trader": {
            "Class": "AverageTrader",
            "config": {
                "maxBuyLose": -0.852885394046144,
                "maxDay": 71,
                "minBuyExp": 0.5820311629372512,
                "minBuyLose": -0.25327966019278003,
                "posDayCount": 140
            },
            "values": [
                [
                    "seller",
                    {
                        "Class": "SimpleSeller",
                        "config": {
                            "backSell": -0.1,
                            "loseSell": -0.2,
                            "maxDay": 71,
                            "winSell": 0.9
                        }
                    }
                ]
            ]
        }
    },
    "sSellDay": 58.68491124260355,
    "swin": 0.25663653617485066,
    "swin10Rate": 0.6457100591715976,
    "swin10Time": 873,
    "swin15Rate": 0.6094674556213018,
    "swin15Time": 824,
    "swin20Rate": 0.5569526627218935,
    "swin20Time": 753,
    "swin25Rate": 0.5118343195266272,
    "swin25Time": 692,
    "swin30Rate": 0.44970414201183434,
    "swin30Time": 608,
    "swin35Rate": 0.40014792899408286,
    "swin35Time": 541,
    "swin40Rate": 0.34171597633136097,
    "swin40Time": 462,
    "swin45Rate": 0.28254437869822485,
    "swin45Time": 382,
    "swin50Rate": 0.23816568047337278,
    "swin50Time": 322,
    "swin55Rate": 0.20488165680473372,
    "swin55Time": 277,
    "swin5Rate": 0.6693786982248521,
    "swin5Time": 905,
    "swinRate": 0.6937869822485208,
    "swinTime": 938,
    "win": 0.5650156574030221,
    "win10Rate": 0.9068047337278107,
    "win10Time": 1226,
    "win15Rate": 0.8883136094674556,
    "win15Time": 1201,
    "win20Rate": 0.8631656804733728,
    "win20Time": 1167,
    "win25Rate": 0.8439349112426036,
    "win25Time": 1141,
    "win30Rate": 0.8069526627218935,
    "win30Time": 1091,
    "win35Rate": 0.7633136094674556,
    "win35Time": 1032,
    "win40Rate": 0.7063609467455622,
    "win40Time": 955,
    "win45Rate": 0.6309171597633136,
    "win45Time": 853,
    "win50Rate": 0.5621301775147929,
    "win50Time": 760,
    "win55Rate": 0.48520710059171596,
    "win55Time": 656,
    "win5Rate": 0.9393491124260355,
    "win5Time": 1270,
    "winRate": 0.7359467455621301,
    "winTime": 995,
    "yearRate": 1.049550342290534
}