{
    "buyTime": 2679,
    "exp": -0.08439821998158398,
    "lose": -0.08716419865253693,
    "param": {
        "nextCMD": "C:/Python34/python.exe findBetterParam.py nodeParam.json nodeRst.json",
        "trader": {
            "Class": "AverageTrader",
            "config": {
                "maxBuyLose": -0.5325841110314418,
                "maxDay": 6,
                "minBuyExp": 0.44040295860351675,
                "minBuyLose": -0.20528108555654934,
                "posDayCount": 119
            },
            "values": [
                [
                    "seller",
                    {
                        "Class": "SimpleSeller",
                        "config": {
                            "backSell": -0.1,
                            "loseSell": -0.2,
                            "maxDay": 6,
                            "winSell": 0.9
                        }
                    }
                ]
            ]
        }
    },
    "sSellDay": 5.910414333706607,
    "swin": 0.010596237201093189,
    "swin10Rate": 0.19671519223590891,
    "swin10Time": 527,
    "swin15Rate": 0.09443822321761851,
    "swin15Time": 253,
    "swin20Rate": 0.04889884285181038,
    "swin20Time": 131,
    "swin25Rate": 0.0253826054497947,
    "swin25Time": 68,
    "swin30Rate": 0.014557670772676373,
    "swin30Time": 39,
    "swin35Rate": 0.0070921985815602835,
    "swin35Time": 19,
    "swin40Rate": 0.004479283314669653,
    "swin40Time": 12,
    "swin45Rate": 0.0029861888764464353,
    "swin45Time": 8,
    "swin50Rate": 0.0014930944382232176,
    "swin50Time": 4,
    "swin55Rate": 0.0011198208286674132,
    "swin55Time": 3,
    "swin5Rate": 0.3527435610302352,
    "swin5Time": 945,
    "swinRate": 0.5207166853303471,
    "swinTime": 1395,
    "win": 0.08993017732348961,
    "win10Rate": 0.38671145949981334,
    "win10Time": 1036,
    "win15Rate": 0.22284434490481522,
    "win15Time": 597,
    "win20Rate": 0.1187010078387458,
    "win20Time": 318,
    "win25Rate": 0.05785740948114968,
    "win25Time": 155,
    "win30Rate": 0.03060843598357596,
    "win30Time": 82,
    "win35Rate": 0.015677491601343786,
    "win35Time": 42,
    "win40Rate": 0.010078387458006719,
    "win40Time": 27,
    "win45Rate": 0.0059723777528928705,
    "win45Time": 16,
    "win50Rate": 0.003732736095558044,
    "win50Time": 10,
    "win55Rate": 0.0033594624860022394,
    "win55Time": 9,
    "win5Rate": 0.6207540126913027,
    "win5Time": 1663,
    "winRate": 0.3717805151175812,
    "winTime": 996,
    "yearRate": 0.4302738834668989
}