{
    "buyTime": 1355,
    "exp": 0.43807586025018425,
    "lose": -0.17879635741078043,
    "param": {
        "nextCMD": "C:/Python34/python.exe findBetterParam.py nodeParam.json nodeRst.json",
        "trader": {
            "Class": "AverageTrader",
            "config": {
                "maxBuyLose": -0.8677486919064643,
                "maxDay": 111,
                "minBuyExp": 0.6012880267510305,
                "minBuyLose": -0.2534864216318291,
                "posDayCount": 144
            },
            "values": [
                [
                    "seller",
                    {
                        "Class": "SimpleSeller",
                        "config": {
                            "backSell": -0.1,
                            "loseSell": -0.2,
                            "maxDay": 111,
                            "winSell": 0.9
                        }
                    }
                ]
            ]
        }
    },
    "sSellDay": 81.17047970479705,
    "swin": 0.4150332191834831,
    "swin10Rate": 0.6797047970479705,
    "swin10Time": 921,
    "swin15Rate": 0.659040590405904,
    "swin15Time": 893,
    "swin20Rate": 0.6450184501845019,
    "swin20Time": 874,
    "swin25Rate": 0.6243542435424354,
    "swin25Time": 846,
    "swin30Rate": 0.6007380073800738,
    "swin30Time": 814,
    "swin35Rate": 0.5719557195571956,
    "swin35Time": 775,
    "swin40Rate": 0.5535055350553506,
    "swin40Time": 750,
    "swin45Rate": 0.5306273062730628,
    "swin45Time": 719,
    "swin50Rate": 0.5047970479704798,
    "swin50Time": 684,
    "swin55Rate": 0.4575645756457565,
    "swin55Time": 620,
    "swin5Rate": 0.6966789667896679,
    "swin5Time": 944,
    "swinRate": 0.7143911439114391,
    "swinTime": 968,
    "win": 0.795668575071744,
    "win10Rate": 0.9173431734317343,
    "win10Time": 1243,
    "win15Rate": 0.9040590405904059,
    "win15Time": 1225,
    "win20Rate": 0.8797047970479704,
    "win20Time": 1192,
    "win25Rate": 0.8634686346863468,
    "win25Time": 1170,
    "win30Rate": 0.8405904059040591,
    "win30Time": 1139,
    "win35Rate": 0.814760147601476,
    "win35Time": 1104,
    "win40Rate": 0.788929889298893,
    "win40Time": 1069,
    "win45Rate": 0.7564575645756457,
    "win45Time": 1025,
    "win50Rate": 0.72619926199262,
    "win50Time": 984,
    "win55Rate": 0.6804428044280443,
    "win55Time": 922,
    "win5Rate": 0.9490774907749078,
    "win5Time": 1286,
    "winRate": 0.777859778597786,
    "winTime": 1054,
    "yearRate": 1.2271452992059781
}