{
    "buyTime": 2957,
    "exp": -0.053989365444847656,
    "lose": -0.10857910663653776,
    "param": {
        "nextCMD": "C:/Python34/python.exe findBetterParam.py nodeParam.json nodeRst.json",
        "trader": {
            "Class": "AverageTrader",
            "config": {
                "maxBuyLose": -0.3625162011992765,
                "maxDay": 14,
                "minBuyExp": 0.5908533667749439,
                "minBuyLose": -0.17791849116060354,
                "posDayCount": 128
            },
            "values": [
                [
                    "seller",
                    {
                        "Class": "SimpleSeller",
                        "config": {
                            "backSell": -0.1,
                            "loseSell": -0.2,
                            "maxDay": 14,
                            "winSell": 0.9
                        }
                    }
                ]
            ]
        }
    },
    "sSellDay": 13.393304024349002,
    "swin": 0.05584463857286824,
    "swin10Rate": 0.37605681433885696,
    "swin10Time": 1112,
    "swin15Rate": 0.24450456543794385,
    "swin15Time": 723,
    "swin20Rate": 0.15691579303347988,
    "swin20Time": 464,
    "swin25Rate": 0.09874873182279337,
    "swin25Time": 292,
    "swin30Rate": 0.0639161312140683,
    "swin30Time": 189,
    "swin35Rate": 0.03922894825836997,
    "swin35Time": 116,
    "swin40Rate": 0.026378085897869462,
    "swin40Time": 78,
    "swin45Rate": 0.018599932363882313,
    "swin45Time": 55,
    "swin50Rate": 0.011159959418329387,
    "swin50Time": 33,
    "swin55Rate": 0.008454514710855596,
    "swin55Time": 25,
    "swin5Rate": 0.5268853567805208,
    "swin5Time": 1558,
    "swinRate": 0.6628339533310788,
    "swinTime": 1960,
    "win": 0.16316884782822771,
    "win10Rate": 0.6398376733175516,
    "win10Time": 1892,
    "win15Rate": 0.4690564761582685,
    "win15Time": 1387,
    "win20Rate": 0.3128170443016571,
    "win20Time": 925,
    "win25Rate": 0.20155563070679744,
    "win25Time": 596,
    "win30Rate": 0.13493405478525533,
    "win30Time": 399,
    "win35Rate": 0.08758877240446399,
    "win35Time": 259,
    "win40Rate": 0.06323977003719987,
    "win40Time": 187,
    "win45Rate": 0.043287115319580655,
    "win45Time": 128,
    "win50Rate": 0.027392627663172135,
    "win50Time": 81,
    "win55Rate": 0.018938112952316538,
    "win55Time": 56,
    "win5Rate": 0.793033479878255,
    "win5Time": 2345,
    "winRate": 0.4467365573216097,
    "winTime": 1321,
    "yearRate": 1.000702532632894
}