{
    "buyTime": 2232,
    "exp": 0.42804897116597185,
    "lose": -0.19910606376373463,
    "param": {
        "nextCMD": "C:/Python34/python.exe findBetterParam.py nodeParam.json nodeRst.json",
        "trader": {
            "Class": "AverageTrader",
            "config": {
                "maxBuyLose": -0.4516098334575994,
                "maxDay": 134,
                "minBuyExp": 0.44326987788750594,
                "minBuyLose": -0.23614623702243015,
                "posDayCount": 135
            },
            "values": [
                [
                    "seller",
                    {
                        "Class": "SimpleSeller",
                        "config": {
                            "backSell": -0.1,
                            "loseSell": -0.2,
                            "maxDay": 134,
                            "winSell": 0.9
                        }
                    }
                ]
            ]
        }
    },
    "sSellDay": 87.1554659498208,
    "swin": 0.37544953953756316,
    "swin10Rate": 0.6146953405017921,
    "swin10Time": 1372,
    "swin15Rate": 0.5954301075268817,
    "swin15Time": 1329,
    "swin20Rate": 0.5743727598566308,
    "swin20Time": 1282,
    "swin25Rate": 0.5595878136200717,
    "swin25Time": 1249,
    "swin30Rate": 0.546146953405018,
    "swin30Time": 1219,
    "swin35Rate": 0.5264336917562724,
    "swin35Time": 1175,
    "swin40Rate": 0.5085125448028673,
    "swin40Time": 1135,
    "swin45Rate": 0.4905913978494624,
    "swin45Time": 1095,
    "swin50Rate": 0.46729390681003585,
    "swin50Time": 1043,
    "swin55Rate": 0.4435483870967742,
    "swin55Time": 990,
    "swin5Rate": 0.635752688172043,
    "swin5Time": 1419,
    "swinRate": 0.6505376344086021,
    "swinTime": 1452,
    "win": 0.8262610986934407,
    "win10Rate": 0.8978494623655914,
    "win10Time": 2004,
    "win15Rate": 0.875,
    "win15Time": 1953,
    "win20Rate": 0.8472222222222222,
    "win20Time": 1891,
    "win25Rate": 0.8230286738351255,
    "win25Time": 1837,
    "win30Rate": 0.7916666666666666,
    "win30Time": 1767,
    "win35Rate": 0.7603046594982079,
    "win35Time": 1697,
    "win40Rate": 0.7316308243727598,
    "win40Time": 1633,
    "win45Rate": 0.6971326164874552,
    "win45Time": 1556,
    "win50Rate": 0.6621863799283154,
    "win50Time": 1478,
    "win55Rate": 0.6245519713261649,
    "win55Time": 1394,
    "win5Rate": 0.9368279569892473,
    "win5Time": 2091,
    "winRate": 0.7065412186379928,
    "winTime": 1577,
    "yearRate": 1.0338753686532316
}