{
    "buyTime": 1033,
    "exp": 0.16715568999968436,
    "lose": -0.1115793778188103,
    "param": {
        "nextCMD": "C:/Python34/python.exe findBetterParam.py nodeParam.json nodeRst.json",
        "trader": {
            "Class": "AverageTrader",
            "config": {
                "maxBuyLose": -0.6009487977763505,
                "maxDay": 32,
                "minBuyExp": 0.6972575041343996,
                "minBuyLose": -0.19092775943686435,
                "posDayCount": 91
            },
            "values": [
                [
                    "seller",
                    {
                        "Class": "SimpleSeller",
                        "config": {
                            "backSell": -0.1,
                            "loseSell": -0.2,
                            "maxDay": 32,
                            "winSell": 0.9
                        }
                    }
                ]
            ]
        }
    },
    "sSellDay": 28.964181994191676,
    "swin": 0.21593941974351613,
    "swin10Rate": 0.6427879961277831,
    "swin10Time": 664,
    "swin15Rate": 0.5837366892545982,
    "swin15Time": 603,
    "swin20Rate": 0.5043562439496612,
    "swin20Time": 521,
    "swin25Rate": 0.43272023233301066,
    "swin25Time": 447,
    "swin30Rate": 0.3552758954501452,
    "swin30Time": 367,
    "swin35Rate": 0.3020329138431752,
    "swin35Time": 312,
    "swin40Rate": 0.2362052274927396,
    "swin40Time": 244,
    "swin45Rate": 0.1868344627299129,
    "swin45Time": 193,
    "swin50Rate": 0.15682478218780252,
    "swin50Time": 162,
    "swin55Rate": 0.12391093901258471,
    "swin55Time": 128,
    "swin5Rate": 0.7008712487899322,
    "swin5Time": 724,
    "swinRate": 0.7608906098741529,
    "swinTime": 786,
    "win": 0.39031444563730516,
    "win10Rate": 0.8712487899322362,
    "win10Time": 900,
    "win15Rate": 0.8083252662149081,
    "win15Time": 835,
    "win20Rate": 0.7289448209099709,
    "win20Time": 753,
    "win25Rate": 0.6476282671829623,
    "win25Time": 669,
    "win30Rate": 0.5643756050338818,
    "win30Time": 583,
    "win35Rate": 0.48596321393998065,
    "win35Time": 502,
    "win40Rate": 0.41239109390125844,
    "win40Time": 426,
    "win45Rate": 0.3436592449177154,
    "win45Time": 355,
    "win50Rate": 0.28654404646660214,
    "win50Time": 296,
    "win55Rate": 0.23814133591481124,
    "win55Time": 246,
    "win5Rate": 0.9186834462729913,
    "win5Time": 949,
    "winRate": 0.6902226524685382,
    "winTime": 713,
    "yearRate": 1.7892948176073702
}