{
    "buyTime": 1026,
    "exp": 0.18259395179548252,
    "lose": -0.13249979662712977,
    "param": {
        "nextCMD": "C:/Python34/python.exe findBetterParam.py nodeParam.json nodeRst.json",
        "trader": {
            "Class": "AverageTrader",
            "config": {
                "maxBuyLose": -0.3544329201526457,
                "maxDay": 44,
                "minBuyExp": 0.4371531615319212,
                "minBuyLose": -0.2030310145759449,
                "posDayCount": 73
            },
            "values": [
                [
                    "seller",
                    {
                        "Class": "SimpleSeller",
                        "config": {
                            "backSell": -0.1,
                            "loseSell": -0.2,
                            "maxDay": 44,
                            "winSell": 0.9
                        }
                    }
                ]
            ]
        }
    },
    "sSellDay": 37.56627680311891,
    "swin": 0.22067777260901977,
    "swin10Rate": 0.6695906432748538,
    "swin10Time": 687,
    "swin15Rate": 0.5984405458089669,
    "swin15Time": 614,
    "swin20Rate": 0.51364522417154,
    "swin20Time": 527,
    "swin25Rate": 0.4395711500974659,
    "swin25Time": 451,
    "swin30Rate": 0.37719298245614036,
    "swin30Time": 387,
    "swin35Rate": 0.3060428849902534,
    "swin35Time": 314,
    "swin40Rate": 0.24366471734892786,
    "swin40Time": 250,
    "swin45Rate": 0.1861598440545809,
    "swin45Time": 191,
    "swin50Rate": 0.15204678362573099,
    "swin50Time": 156,
    "swin55Rate": 0.1286549707602339,
    "swin55Time": 132,
    "swin5Rate": 0.723196881091618,
    "swin5Time": 742,
    "swinRate": 0.7690058479532164,
    "swinTime": 789,
    "win": 0.4475935450497422,
    "win10Rate": 0.8869395711500975,
    "win10Time": 910,
    "win15Rate": 0.8430799220272904,
    "win15Time": 865,
    "win20Rate": 0.7816764132553606,
    "win20Time": 802,
    "win25Rate": 0.7212475633528265,
    "win25Time": 740,
    "win30Rate": 0.6569200779727096,
    "win30Time": 674,
    "win35Rate": 0.5799220272904484,
    "win35Time": 595,
    "win40Rate": 0.49415204678362573,
    "win40Time": 507,
    "win45Rate": 0.4298245614035088,
    "win45Time": 441,
    "win50Rate": 0.3664717348927875,
    "win50Time": 376,
    "win55Rate": 0.30116959064327486,
    "win55Time": 309,
    "win5Rate": 0.9259259259259259,
    "win5Time": 950,
    "winRate": 0.7115009746588694,
    "winTime": 730,
    "yearRate": 1.4098460090611793
}