{
    "buyTime": 1165,
    "exp": 0.35635361813720734,
    "lose": -0.17382339085110002,
    "param": {
        "nextCMD": "D:/ProgramData/Anaconda3/python.exe findBetterParam.py nodeParam.json nodeRst.json",
        "trader": {
            "Class": "AverageTrader",
            "config": {
                "maxBuyLose": -0.7815983132786244,
                "maxDay": 92,
                "minBuyExp": 0.6899241539279258,
                "minBuyLose": -0.24440516107450067,
                "posDayCount": 136
            },
            "values": [
                [
                    "seller",
                    {
                        "Class": "SimpleSeller",
                        "config": {
                            "backSell": -0.1,
                            "loseSell": -0.2,
                            "maxDay": 92,
                            "winSell": 0.9
                        }
                    }
                ]
            ]
        }
    },
    "sSellDay": 71.1587982832618,
    "swin": 0.3798931234512059,
    "swin10Rate": 0.68068669527897,
    "swin10Time": 793,
    "swin15Rate": 0.6678111587982832,
    "swin15Time": 778,
    "swin20Rate": 0.6506437768240343,
    "swin20Time": 758,
    "swin25Rate": 0.6351931330472103,
    "swin25Time": 740,
    "swin30Rate": 0.5991416309012876,
    "swin30Time": 698,
    "swin35Rate": 0.5622317596566524,
    "swin35Time": 655,
    "swin40Rate": 0.5201716738197425,
    "swin40Time": 606,
    "swin45Rate": 0.46437768240343347,
    "swin45Time": 541,
    "swin50Rate": 0.41630901287553645,
    "swin50Time": 485,
    "swin55Rate": 0.3802575107296137,
    "swin55Time": 443,
    "swin5Rate": 0.6987124463519313,
    "swin5Time": 814,
    "swinRate": 0.7184549356223175,
    "swinTime": 837,
    "win": 0.704000399839408,
    "win10Rate": 0.9064377682403434,
    "win10Time": 1056,
    "win15Rate": 0.8952789699570816,
    "win15Time": 1043,
    "win20Rate": 0.8815450643776824,
    "win20Time": 1027,
    "win25Rate": 0.8660944206008584,
    "win25Time": 1009,
    "win30Rate": 0.8403433476394849,
    "win30Time": 979,
    "win35Rate": 0.8171673819742489,
    "win35Time": 952,
    "win40Rate": 0.7888412017167382,
    "win40Time": 919,
    "win45Rate": 0.7407725321888412,
    "win45Time": 863,
    "win50Rate": 0.688412017167382,
    "win50Time": 802,
    "win55Rate": 0.6240343347639485,
    "win55Time": 727,
    "win5Rate": 0.944206008583691,
    "win5Time": 1100,
    "winRate": 0.7742489270386266,
    "winTime": 902,
    "yearRate": 1.2812800641369986
}