{
    "buyTime": 1402,
    "exp": 0.23712681320518955,
    "lose": -0.16434168565508364,
    "param": {
        "nextCMD": "C:/Python34/python.exe findBetterParam.py nodeParam.json nodeRst.json",
        "trader": {
            "Class": "AverageTrader",
            "config": {
                "maxBuyLose": -0.5700078062913068,
                "maxDay": 73,
                "minBuyExp": 0.528487543857012,
                "minBuyLose": -0.26742006406514385,
                "posDayCount": 150
            },
            "values": [
                [
                    "seller",
                    {
                        "Class": "SimpleSeller",
                        "config": {
                            "backSell": -0.1,
                            "loseSell": -0.2,
                            "maxDay": 73,
                            "winSell": 0.9
                        }
                    }
                ]
            ]
        }
    },
    "sSellDay": 60.519971469329526,
    "swin": 0.26615937124736316,
    "swin10Rate": 0.6590584878744651,
    "swin10Time": 924,
    "swin15Rate": 0.6212553495007133,
    "swin15Time": 871,
    "swin20Rate": 0.5713266761768901,
    "swin20Time": 801,
    "swin25Rate": 0.521398002853067,
    "swin25Time": 731,
    "swin30Rate": 0.47004279600570614,
    "swin30Time": 659,
    "swin35Rate": 0.4165477888730385,
    "swin35Time": 584,
    "swin40Rate": 0.3537803138373752,
    "swin40Time": 496,
    "swin45Rate": 0.30385164051355207,
    "swin45Time": 426,
    "swin50Rate": 0.24607703281027105,
    "swin50Time": 345,
    "swin55Rate": 0.21184022824536378,
    "swin55Time": 297,
    "swin5Rate": 0.6804564907275321,
    "swin5Time": 954,
    "swinRate": 0.7047075606276747,
    "swinTime": 988,
    "win": 0.5658101845153567,
    "win10Rate": 0.9094151212553495,
    "win10Time": 1275,
    "win15Rate": 0.8858773181169758,
    "win15Time": 1242,
    "win20Rate": 0.862339514978602,
    "win20Time": 1209,
    "win25Rate": 0.8423680456490727,
    "win25Time": 1181,
    "win30Rate": 0.8045649072753209,
    "win30Time": 1128,
    "win35Rate": 0.7560627674750356,
    "win35Time": 1060,
    "win40Rate": 0.6961483594864479,
    "win40Time": 976,
    "win45Rate": 0.6241084165477889,
    "win45Time": 875,
    "win50Rate": 0.5556348074179743,
    "win50Time": 779,
    "win55Rate": 0.47788873038516405,
    "win55Time": 670,
    "win5Rate": 0.9443651925820257,
    "win5Time": 1324,
    "winRate": 0.7268188302425107,
    "winTime": 1019,
    "yearRate": 1.0554904033908798
}