{
    "buyTime": 1298,
    "exp": 0.02379152507386182,
    "lose": -0.09494297464167423,
    "param": {
        "nextCMD": "C:/Python34/python.exe findBetterParam.py nodeParam.json nodeRst.json",
        "trader": {
            "Class": "AverageTrader",
            "config": {
                "maxBuyLose": -0.34049868124631943,
                "maxDay": 15,
                "minBuyExp": 0.6091967947413925,
                "minBuyLose": -0.1868784877043741,
                "posDayCount": 89
            },
            "values": [
                [
                    "seller",
                    {
                        "Class": "SimpleSeller",
                        "config": {
                            "backSell": -0.1,
                            "loseSell": -0.2,
                            "maxDay": 15,
                            "winSell": 0.9
                        }
                    }
                ]
            ]
        }
    },
    "sSellDay": 14.329738058551618,
    "swin": 0.09349138245034946,
    "swin10Rate": 0.47842835130970723,
    "swin10Time": 621,
    "swin15Rate": 0.33821263482280434,
    "swin15Time": 439,
    "swin20Rate": 0.2288135593220339,
    "swin20Time": 297,
    "swin25Rate": 0.15331278890600925,
    "swin25Time": 199,
    "swin30Rate": 0.0970724191063174,
    "swin30Time": 126,
    "swin35Rate": 0.060092449922958396,
    "swin35Time": 78,
    "swin40Rate": 0.04391371340523883,
    "swin40Time": 57,
    "swin45Rate": 0.030046224961479198,
    "swin45Time": 39,
    "swin50Rate": 0.02157164869029276,
    "swin50Time": 28,
    "swin55Rate": 0.016178736517719568,
    "swin55Time": 21,
    "swin5Rate": 0.6263482280431433,
    "swin5Time": 813,
    "swinRate": 0.7388289676425269,
    "swinTime": 959,
    "win": 0.21367747435721002,
    "win10Rate": 0.7665639445300462,
    "win10Time": 995,
    "win15Rate": 0.6294298921417566,
    "win15Time": 817,
    "win20Rate": 0.4645608628659476,
    "win20Time": 603,
    "win25Rate": 0.3258859784283513,
    "win25Time": 423,
    "win30Rate": 0.22419106317411402,
    "win30Time": 291,
    "win35Rate": 0.15793528505392912,
    "win35Time": 205,
    "win40Rate": 0.11093990755007704,
    "win40Time": 144,
    "win45Rate": 0.07550077041602465,
    "win45Time": 98,
    "win50Rate": 0.05238828967642527,
    "win50Time": 68,
    "win55Rate": 0.03543913713405239,
    "win55Time": 46,
    "win5Rate": 0.8751926040061633,
    "win5Time": 1136,
    "winRate": 0.5770416024653313,
    "winTime": 749,
    "yearRate": 1.5658298634910144
}