{
    "buyTime": 1191,
    "exp": 0.3417324693868701,
    "lose": -0.19292924775356762,
    "param": {
        "nextCMD": "D:/ProgramData/Anaconda3/python.exe findBetterParam.py nodeParam.json nodeRst.json",
        "trader": {
            "Class": "AverageTrader",
            "config": {
                "maxBuyLose": -0.46148901354779803,
                "maxDay": 113,
                "minBuyExp": 0.42481468986856474,
                "minBuyLose": -0.2741658602625058,
                "posDayCount": 132
            },
            "values": [
                [
                    "seller",
                    {
                        "Class": "SimpleSeller",
                        "config": {
                            "backSell": -0.1,
                            "loseSell": -0.2,
                            "maxDay": 113,
                            "winSell": 0.9
                        }
                    }
                ]
            ]
        }
    },
    "sSellDay": 78.80268681780016,
    "swin": 0.3339314810453819,
    "swin10Rate": 0.6129303106633082,
    "swin10Time": 730,
    "swin15Rate": 0.5885810243492863,
    "swin15Time": 701,
    "swin20Rate": 0.5675902602854744,
    "swin20Time": 676,
    "swin25Rate": 0.5440806045340051,
    "swin25Time": 648,
    "swin30Rate": 0.5239294710327456,
    "swin30Time": 624,
    "swin35Rate": 0.49370277078085645,
    "swin35Time": 588,
    "swin40Rate": 0.47523089840470195,
    "swin40Time": 566,
    "swin45Rate": 0.45256087321578503,
    "swin45Time": 539,
    "swin50Rate": 0.4147774979009236,
    "swin50Time": 494,
    "swin55Rate": 0.3786733837111671,
    "swin55Time": 451,
    "swin5Rate": 0.6314021830394626,
    "swin5Time": 752,
    "swinRate": 0.6439966414777498,
    "swinTime": 767,
    "win": 0.7275909648940064,
    "win10Rate": 0.9093198992443325,
    "win10Time": 1083,
    "win15Rate": 0.8858102434928632,
    "win15Time": 1055,
    "win20Rate": 0.8606213266162889,
    "win20Time": 1025,
    "win25Rate": 0.834592779177162,
    "win25Time": 994,
    "win30Rate": 0.8035264483627204,
    "win30Time": 957,
    "win35Rate": 0.7691015952980689,
    "win35Time": 916,
    "win40Rate": 0.7338371116708649,
    "win40Time": 874,
    "win45Rate": 0.6968933669185559,
    "win45Time": 830,
    "win50Rate": 0.6649874055415617,
    "win50Time": 792,
    "win55Rate": 0.6171284634760705,
    "win55Time": 735,
    "win5Rate": 0.9445843828715366,
    "win5Time": 1125,
    "winRate": 0.7162048698572628,
    "winTime": 853,
    "yearRate": 1.017015519232126
}