{
    "buyTime": 2090,
    "exp": 0.3230890646781625,
    "lose": -0.1850922162917112,
    "param": {
        "nextCMD": "C:/Python34/python.exe findBetterParam.py nodeParam.json nodeRst.json",
        "trader": {
            "Class": "AverageTrader",
            "config": {
                "maxBuyLose": -0.5338887474807196,
                "maxDay": 98,
                "minBuyExp": 0.6024959282923965,
                "minBuyLose": -0.22608547723490907,
                "posDayCount": 148
            },
            "values": [
                [
                    "seller",
                    {
                        "Class": "SimpleSeller",
                        "config": {
                            "backSell": -0.1,
                            "loseSell": -0.2,
                            "maxDay": 98,
                            "winSell": 0.9
                        }
                    }
                ]
            ]
        }
    },
    "sSellDay": 74.10717703349282,
    "swin": 0.35025620661897355,
    "swin10Rate": 0.6358851674641148,
    "swin10Time": 1329,
    "swin15Rate": 0.6148325358851675,
    "swin15Time": 1285,
    "swin20Rate": 0.5990430622009569,
    "swin20Time": 1252,
    "swin25Rate": 0.5779904306220096,
    "swin25Time": 1208,
    "swin30Rate": 0.5598086124401914,
    "swin30Time": 1170,
    "swin35Rate": 0.5282296650717704,
    "swin35Time": 1104,
    "swin40Rate": 0.49521531100478466,
    "swin40Time": 1035,
    "swin45Rate": 0.45454545454545453,
    "swin45Time": 950,
    "swin50Rate": 0.42248803827751197,
    "swin50Time": 883,
    "swin55Rate": 0.37799043062200954,
    "swin55Time": 790,
    "swin5Rate": 0.6559808612440191,
    "swin5Time": 1371,
    "swinRate": 0.6770334928229665,
    "swinTime": 1415,
    "win": 0.6932734972615847,
    "win10Rate": 0.8913875598086124,
    "win10Time": 1863,
    "win15Rate": 0.8755980861244019,
    "win15Time": 1830,
    "win20Rate": 0.8502392344497608,
    "win20Time": 1777,
    "win25Rate": 0.8291866028708134,
    "win25Time": 1733,
    "win30Rate": 0.8019138755980861,
    "win30Time": 1676,
    "win35Rate": 0.7770334928229665,
    "win35Time": 1624,
    "win40Rate": 0.745933014354067,
    "win40Time": 1559,
    "win45Rate": 0.6971291866028708,
    "win45Time": 1457,
    "win50Rate": 0.6559808612440191,
    "win50Time": 1371,
    "win55Rate": 0.6043062200956938,
    "win55Time": 1263,
    "win5Rate": 0.9287081339712918,
    "win5Time": 1941,
    "winRate": 0.7397129186602871,
    "winTime": 1546,
    "yearRate": 1.134323191808561
}