{
    "yearRate":0.5880799247170374,
    "winTime":219,
    "winRate":0.5544303797468354,
    "win5Time":367,
    "win5Rate":0.9291139240506329,
    "win55Time":153,
    "win55Rate":0.38734177215189874,
    "win50Time":181,
    "win50Rate":0.4582278481012658,
    "win45Time":201,
    "win45Rate":0.5088607594936709,
    "win40Time":232,
    "win40Rate":0.5873417721518988,
    "win35Time":251,
    "win35Rate":0.6354430379746835,
    "win30Time":269,
    "win30Rate":0.6810126582278481,
    "win25Time":290,
    "win25Rate":0.7341772151898734,
    "win20Time":313,
    "win20Rate":0.7924050632911392,
    "win15Time":332,
    "win15Rate":0.8405063291139241,
    "win10Time":348,
    "win10Rate":0.8810126582278481,
    "win":0.5069809555240207,
    "swinTime":196,
    "swinRate":0.4962025316455696,
    "swin5Time":182,
    "swin5Rate":0.4607594936708861,
    "swin55Time":60,
    "swin55Rate":0.1518987341772152,
    "swin50Time":71,
    "swin50Rate":0.17974683544303796,
    "swin45Time":76,
    "swin45Rate":0.19240506329113924,
    "swin40Time":87,
    "swin40Rate":0.22025316455696203,
    "swin35Time":99,
    "swin35Rate":0.25063291139240507,
    "swin30Time":118,
    "swin30Rate":0.29873417721518986,
    "swin25Time":124,
    "swin25Rate":0.3139240506329114,
    "swin20Time":144,
    "swin20Rate":0.36455696202531646,
    "swin15Time":156,
    "swin15Rate":0.3949367088607595,
    "swin10Time":170,
    "swin10Rate":0.43037974683544306,
    "swin":0.1236332584347105,
    "sSellDay":50.45569620253165,
    "lose":-0.21891811542202222,
    "exp":0.06914472467997623,
    "buyTime":395
}