{
    "yearRate":1.2216185632328833,
    "winTime":1227,
    "winRate":0.5901875901875901,
    "win5Time":1849,
    "win5Rate":0.8893698893698894,
    "win55Time":310,
    "win55Rate":0.1491101491101491,
    "win50Time":378,
    "win50Rate":0.18181818181818182,
    "win45Time":470,
    "win45Rate":0.22607022607022606,
    "win40Time":578,
    "win40Rate":0.278018278018278,
    "win35Time":732,
    "win35Rate":0.35209235209235207,
    "win30Time":904,
    "win30Rate":0.43482443482443484,
    "win25Time":1088,
    "win25Rate":0.5233285233285233,
    "win20Time":1279,
    "win20Rate":0.6151996151996152,
    "win15Time":1492,
    "win15Rate":0.7176527176527177,
    "win10Time":1687,
    "win10Rate":0.8114478114478114,
    "win":0.30909902577289977,
    "swinTime":1409,
    "swinRate":0.6777296777296777,
    "swin5Time":1265,
    "swin5Rate":0.6084656084656085,
    "swin55Time":146,
    "swin55Rate":0.07022607022607022,
    "swin50Time":191,
    "swin50Rate":0.09187109187109187,
    "swin45Time":240,
    "swin45Rate":0.11544011544011544,
    "swin40Time":308,
    "swin40Rate":0.14814814814814814,
    "swin35Time":385,
    "swin35Rate":0.18518518518518517,
    "swin30Time":501,
    "swin30Rate":0.240981240981241,
    "swin25Time":650,
    "swin25Rate":0.3126503126503126,
    "swin20Time":806,
    "swin20Rate":0.3876863876863877,
    "swin15Time":948,
    "swin15Rate":0.455988455988456,
    "swin10Time":1117,
    "swin10Rate":0.5372775372775372,
    "swin":0.13565949769554841,
    "sSellDay":26.651755651755654,
    "lose":-0.13460741866810608,
    "exp":0.03988418843668831,
    "buyTime":2079
}