{
    "yearRate":-0.04930122448956541,
    "winTime":19,
    "winRate":0.41304347826086957,
    "win5Time":37,
    "win5Rate":0.8043478260869565,
    "win55Time":0,
    "win55Rate":0,
    "win50Time":1,
    "win50Rate":0.021739130434782608,
    "win45Time":1,
    "win45Rate":0.021739130434782608,
    "win40Time":4,
    "win40Rate":0.08695652173913043,
    "win35Time":6,
    "win35Rate":0.13043478260869565,
    "win30Time":11,
    "win30Rate":0.2391304347826087,
    "win25Time":16,
    "win25Rate":0.34782608695652173,
    "win20Time":20,
    "win20Rate":0.43478260869565216,
    "win15Time":24,
    "win15Rate":0.5217391304347826,
    "win10Time":30,
    "win10Rate":0.6521739130434783,
    "win":0.1747064548180711,
    "swinTime":25,
    "swinRate":0.5434782608695652,
    "swin5Time":20,
    "swin5Rate":0.43478260869565216,
    "swin55Time":0,
    "swin55Rate":0,
    "swin50Time":0,
    "swin50Rate":0,
    "swin45Time":0,
    "swin45Rate":0,
    "swin40Time":0,
    "swin40Rate":0,
    "swin35Time":0,
    "swin35Rate":0,
    "swin30Time":1,
    "swin30Rate":0.021739130434782608,
    "swin25Time":2,
    "swin25Rate":0.043478260869565216,
    "swin20Time":4,
    "swin20Rate":0.08695652173913043,
    "swin15Time":9,
    "swin15Rate":0.1956521739130435,
    "swin10Time":15,
    "swin10Rate":0.32608695652173914,
    "swin":-0.002987547027492686,
    "sSellDay":14.543478260869565,
    "lose":-0.1591551690166804,
    "exp":-0.14360388321528963,
    "buyTime":46
}