{
    "yearRate":0.11502325106356515,
    "winTime":3575,
    "winRate":0.38862919882595937,
    "win5Time":6537,
    "win5Rate":0.7106207196434395,
    "win55Time":138,
    "win55Rate":0.015001630612023045,
    "win50Time":197,
    "win50Rate":0.021415371236003913,
    "win45Time":292,
    "win45Rate":0.03174258071529514,
    "win40Time":435,
    "win40Rate":0.04728774866833352,
    "win35Time":615,
    "win35Rate":0.06685509294488531,
    "win30Time":953,
    "win30Rate":0.10359821719752146,
    "win25Time":1454,
    "win25Rate":0.1580606587672573,
    "win20Time":2245,
    "win20Rate":0.24404826611588215,
    "win15Time":3421,
    "win15Rate":0.3718882487226873,
    "win10Time":4935,
    "win10Rate":0.5364713555821284,
    "win":0.13629297759173573,
    "swinTime":4901,
    "swinRate":0.5327753016632243,
    "swin5Time":3727,
    "swin5Rate":0.4051527339928253,
    "swin55Time":55,
    "swin55Rate":0.005978910751168605,
    "swin50Time":72,
    "swin50Rate":0.00782693771062072,
    "swin45Time":95,
    "swin45Rate":0.010327209479291227,
    "swin40Time":143,
    "swin40Rate":0.015545167953038374,
    "swin35Time":229,
    "swin35Rate":0.024894010218502013,
    "swin30Time":355,
    "swin30Rate":0.03859115121208827,
    "swin25Time":558,
    "swin25Rate":0.06065876725731058,
    "swin20Time":921,
    "swin20Rate":0.10011957821502337,
    "swin15Time":1480,
    "swin15Rate":0.160887052940537,
    "swin10Time":2418,
    "swin10Rate":0.2628546581150125,
    "swin":0.007119973418124197,
    "sSellDay":14.856071312099141,
    "lose":-0.12458327832055704,
    "exp":-0.11287357904937813,
    "buyTime":9199
}