{
    "yearRate":1.5364107865557097,
    "winTime":9,
    "winRate":0.5,
    "win5Time":15,
    "win5Rate":0.8333333333333334,
    "win55Time":7,
    "win55Rate":0.3888888888888889,
    "win50Time":8,
    "win50Rate":0.4444444444444444,
    "win45Time":9,
    "win45Rate":0.5,
    "win40Time":9,
    "win40Rate":0.5,
    "win35Time":10,
    "win35Rate":0.5555555555555556,
    "win30Time":10,
    "win30Rate":0.5555555555555556,
    "win25Time":11,
    "win25Rate":0.6111111111111112,
    "win20Time":11,
    "win20Rate":0.6111111111111112,
    "win15Time":12,
    "win15Rate":0.6666666666666666,
    "win10Time":13,
    "win10Rate":0.7222222222222222,
    "win":0.5323205904538081,
    "swinTime":8,
    "swinRate":0.4444444444444444,
    "swin5Time":7,
    "swin5Rate":0.3888888888888889,
    "swin55Time":5,
    "swin55Rate":0.2777777777777778,
    "swin50Time":5,
    "swin50Rate":0.2777777777777778,
    "swin45Time":5,
    "swin45Rate":0.2777777777777778,
    "swin40Time":6,
    "swin40Rate":0.3333333333333333,
    "swin35Time":6,
    "swin35Rate":0.3333333333333333,
    "swin30Time":6,
    "swin30Rate":0.3333333333333333,
    "swin25Time":7,
    "swin25Rate":0.3888888888888889,
    "swin20Time":7,
    "swin20Rate":0.3888888888888889,
    "swin15Time":7,
    "swin15Rate":0.3888888888888889,
    "swin10Time":7,
    "swin10Rate":0.3888888888888889,
    "swin":0.15897583833111162,
    "sSellDay":24.833333333333332,
    "lose":-0.25630366569587726,
    "exp":0.019713259062053748,
    "buyTime":18
}