{
    "yearRate":0.9909708386820273,
    "winTime":1249,
    "winRate":0.564137308039747,
    "win5Time":1988,
    "win5Rate":0.8979223125564589,
    "win55Time":346,
    "win55Rate":0.15627822944896116,
    "win50Time":442,
    "win50Rate":0.1996386630532972,
    "win45Time":560,
    "win45Rate":0.2529358626919603,
    "win40Time":710,
    "win40Rate":0.3206865401987353,
    "win35Time":886,
    "win35Rate":0.4001806684733514,
    "win30Time":1081,
    "win30Rate":0.488256549232159,
    "win25Time":1281,
    "win25Rate":0.5785907859078591,
    "win20Time":1488,
    "win20Rate":0.6720867208672087,
    "win15Time":1675,
    "win15Rate":0.7565492321589883,
    "win10Time":1823,
    "win10Rate":0.8233965672990063,
    "win":0.33439031807790975,
    "swinTime":1547,
    "swinRate":0.6987353206865402,
    "swin5Time":1426,
    "swin5Rate":0.6440831074977417,
    "swin55Time":149,
    "swin55Rate":0.06729900632339657,
    "swin50Time":194,
    "swin50Rate":0.08762420957542909,
    "swin45Time":258,
    "swin45Rate":0.11653116531165311,
    "swin40Time":339,
    "swin40Rate":0.15311653116531165,
    "swin35Time":435,
    "swin35Rate":0.19647696476964768,
    "swin30Time":569,
    "swin30Rate":0.25700090334236675,
    "swin25Time":765,
    "swin25Rate":0.34552845528455284,
    "swin20Time":921,
    "swin20Rate":0.4159891598915989,
    "swin15Time":1109,
    "swin15Rate":0.500903342366757,
    "swin10Time":1284,
    "swin10Rate":0.5799457994579946,
    "swin":0.14686644374098473,
    "sSellDay":35.56910569105691,
    "lose":-0.15163318115701704,
    "exp":0.031123955763876224,
    "buyTime":2214
}