{
    "yearRate":0.7060850785068992,
    "winTime":9,
    "winRate":0.45,
    "win5Time":19,
    "win5Rate":0.95,
    "win55Time":9,
    "win55Rate":0.45,
    "win50Time":10,
    "win50Rate":0.5,
    "win45Time":13,
    "win45Rate":0.65,
    "win40Time":15,
    "win40Rate":0.75,
    "win35Time":15,
    "win35Rate":0.75,
    "win30Time":16,
    "win30Rate":0.8,
    "win25Time":17,
    "win25Rate":0.85,
    "win20Time":17,
    "win20Rate":0.85,
    "win15Time":17,
    "win15Rate":0.85,
    "win10Time":18,
    "win10Rate":0.9,
    "win":0.6273085218757185,
    "swinTime":8,
    "swinRate":0.4,
    "swin5Time":8,
    "swin5Rate":0.4,
    "swin55Time":6,
    "swin55Rate":0.3,
    "swin50Time":6,
    "swin50Rate":0.3,
    "swin45Time":6,
    "swin45Rate":0.3,
    "swin40Time":6,
    "swin40Rate":0.3,
    "swin35Time":7,
    "swin35Rate":0.35,
    "swin30Time":7,
    "swin30Rate":0.35,
    "swin25Time":7,
    "swin25Rate":0.35,
    "swin20Time":7,
    "swin20Rate":0.35,
    "swin15Time":7,
    "swin15Rate":0.35,
    "swin10Time":7,
    "swin10Rate":0.35,
    "swin":0.13709818607675625,
    "sSellDay":46.6,
    "lose":-0.28009357751947084,
    "exp":0.0671213668367766,
    "buyTime":20
}