{
    "yearRate":-0.12439220854541382,
    "winTime":271,
    "winRate":0.34088050314465407,
    "win5Time":613,
    "win5Rate":0.7710691823899372,
    "win55Time":91,
    "win55Rate":0.11446540880503145,
    "win50Time":108,
    "win50Rate":0.13584905660377358,
    "win45Time":131,
    "win45Rate":0.16477987421383647,
    "win40Time":171,
    "win40Rate":0.21509433962264152,
    "win35Time":209,
    "win35Rate":0.2628930817610063,
    "win30Time":252,
    "win30Rate":0.3169811320754717,
    "win25Time":302,
    "win25Rate":0.379874213836478,
    "win20Time":361,
    "win20Rate":0.4540880503144654,
    "win15Time":435,
    "win15Rate":0.5471698113207547,
    "win10Time":523,
    "win10Rate":0.6578616352201258,
    "win":0.2454115279270796,
    "swinTime":309,
    "swinRate":0.3886792452830189,
    "swin5Time":283,
    "swin5Rate":0.3559748427672956,
    "swin55Time":44,
    "swin55Rate":0.055345911949685536,
    "swin50Time":54,
    "swin50Rate":0.06792452830188679,
    "swin45Time":65,
    "swin45Rate":0.08176100628930817,
    "swin40Time":85,
    "swin40Rate":0.1069182389937107,
    "swin35Time":100,
    "swin35Rate":0.12578616352201258,
    "swin30Time":119,
    "swin30Rate":0.14968553459119496,
    "swin25Time":150,
    "swin25Rate":0.18867924528301888,
    "swin20Time":184,
    "swin20Rate":0.23144654088050315,
    "swin15Time":218,
    "swin15Rate":0.2742138364779874,
    "swin10Time":248,
    "swin10Rate":0.3119496855345912,
    "swin":-0.011448907621939267,
    "sSellDay":22.08930817610063,
    "lose":-0.2513583944209965,
    "exp":-0.2573052609149139,
    "buyTime":795
}