{
    "yearRate":0.7236919947051412,
    "winTime":14,
    "winRate":0.5,
    "win5Time":24,
    "win5Rate":0.8571428571428571,
    "win55Time":8,
    "win55Rate":0.2857142857142857,
    "win50Time":11,
    "win50Rate":0.39285714285714285,
    "win45Time":13,
    "win45Rate":0.4642857142857143,
    "win40Time":14,
    "win40Rate":0.5,
    "win35Time":14,
    "win35Rate":0.5,
    "win30Time":15,
    "win30Rate":0.5357142857142857,
    "win25Time":19,
    "win25Rate":0.6785714285714286,
    "win20Time":20,
    "win20Rate":0.7142857142857143,
    "win15Time":22,
    "win15Rate":0.7857142857142857,
    "win10Time":23,
    "win10Rate":0.8214285714285714,
    "win":0.5072601772369805,
    "swinTime":13,
    "swinRate":0.4642857142857143,
    "swin5Time":13,
    "swin5Rate":0.4642857142857143,
    "swin55Time":4,
    "swin55Rate":0.14285714285714285,
    "swin50Time":5,
    "swin50Rate":0.17857142857142858,
    "swin45Time":7,
    "swin45Rate":0.25,
    "swin40Time":7,
    "swin40Rate":0.25,
    "swin35Time":7,
    "swin35Rate":0.25,
    "swin30Time":7,
    "swin30Rate":0.25,
    "swin25Time":8,
    "swin25Rate":0.2857142857142857,
    "swin20Time":9,
    "swin20Rate":0.32142857142857145,
    "swin15Time":11,
    "swin15Rate":0.39285714285714285,
    "swin10Time":11,
    "swin10Rate":0.39285714285714285,
    "swin":0.09778457309408754,
    "sSellDay":32.42857142857143,
    "lose":-0.26076672782458005,
    "exp":-0.014273278412179586,
    "buyTime":28
}