{
    "yearRate":0.8341302406036328,
    "winTime":5,
    "winRate":0.35714285714285715,
    "win5Time":13,
    "win5Rate":0.9285714285714286,
    "win55Time":7,
    "win55Rate":0.5,
    "win50Time":7,
    "win50Rate":0.5,
    "win45Time":9,
    "win45Rate":0.6428571428571429,
    "win40Time":12,
    "win40Rate":0.8571428571428571,
    "win35Time":12,
    "win35Rate":0.8571428571428571,
    "win30Time":12,
    "win30Rate":0.8571428571428571,
    "win25Time":12,
    "win25Rate":0.8571428571428571,
    "win20Time":12,
    "win20Rate":0.8571428571428571,
    "win15Time":12,
    "win15Rate":0.8571428571428571,
    "win10Time":12,
    "win10Rate":0.8571428571428571,
    "win":0.6204526536698476,
    "swinTime":5,
    "swinRate":0.35714285714285715,
    "swin5Time":5,
    "swin5Rate":0.35714285714285715,
    "swin55Time":3,
    "swin55Rate":0.21428571428571427,
    "swin50Time":3,
    "swin50Rate":0.21428571428571427,
    "swin45Time":3,
    "swin45Rate":0.21428571428571427,
    "swin40Time":3,
    "swin40Rate":0.21428571428571427,
    "swin35Time":4,
    "swin35Rate":0.2857142857142857,
    "swin30Time":5,
    "swin30Rate":0.35714285714285715,
    "swin25Time":5,
    "swin25Rate":0.35714285714285715,
    "swin20Time":5,
    "swin20Rate":0.35714285714285715,
    "swin15Time":5,
    "swin15Rate":0.35714285714285715,
    "swin10Time":5,
    "swin10Rate":0.35714285714285715,
    "swin":0.10203200264526581,
    "sSellDay":29.357142857142858,
    "lose":-0.32305718041951426,
    "exp":-0.025661707169180842,
    "buyTime":14
}