{
    "yearRate":0.8394726740658108,
    "winTime":530,
    "winRate":0.7152496626180836,
    "win5Time":687,
    "win5Rate":0.9271255060728745,
    "win55Time":370,
    "win55Rate":0.4993252361673414,
    "win50Time":423,
    "win50Rate":0.5708502024291497,
    "win45Time":470,
    "win45Rate":0.6342780026990553,
    "win40Time":526,
    "win40Rate":0.7098515519568152,
    "win35Time":568,
    "win35Rate":0.766531713900135,
    "win30Time":588,
    "win30Rate":0.7935222672064778,
    "win25Time":619,
    "win25Rate":0.835357624831309,
    "win20Time":633,
    "win20Rate":0.854251012145749,
    "win15Time":655,
    "win15Rate":0.8839406207827261,
    "win10Time":665,
    "win10Rate":0.8974358974358975,
    "win":0.5802292337883523,
    "swinTime":450,
    "swinRate":0.6072874493927125,
    "swin5Time":419,
    "swin5Rate":0.5654520917678812,
    "swin55Time":127,
    "swin55Rate":0.17139001349527666,
    "swin50Time":141,
    "swin50Rate":0.1902834008097166,
    "swin45Time":163,
    "swin45Rate":0.21997300944669365,
    "swin40Time":186,
    "swin40Rate":0.25101214574898784,
    "swin35Time":220,
    "swin35Rate":0.2968960863697706,
    "swin30Time":254,
    "swin30Rate":0.3427800269905533,
    "swin25Time":294,
    "swin25Rate":0.3967611336032389,
    "swin20Time":322,
    "swin20Rate":0.43454790823211875,
    "swin15Time":356,
    "swin15Rate":0.48043184885290147,
    "swin10Time":390,
    "swin10Rate":0.5263157894736842,
    "swin":0.1907506228013912,
    "sSellDay":54.534412955465584,
    "lose":-0.17823616241648063,
    "exp":0.22375690895539158,
    "buyTime":741
}