{
    "yearRate":0.8357822606631771,
    "winTime":46,
    "winRate":0.5974025974025974,
    "win5Time":74,
    "win5Rate":0.961038961038961,
    "win55Time":18,
    "win55Rate":0.23376623376623376,
    "win50Time":28,
    "win50Rate":0.36363636363636365,
    "win45Time":32,
    "win45Rate":0.4155844155844156,
    "win40Time":40,
    "win40Rate":0.5194805194805194,
    "win35Time":48,
    "win35Rate":0.6233766233766234,
    "win30Time":52,
    "win30Rate":0.6753246753246753,
    "win25Time":57,
    "win25Rate":0.7402597402597403,
    "win20Time":62,
    "win20Rate":0.8051948051948052,
    "win15Time":65,
    "win15Rate":0.8441558441558441,
    "win10Time":68,
    "win10Rate":0.8831168831168831,
    "win":0.4516409180862638,
    "swinTime":44,
    "swinRate":0.5714285714285714,
    "swin5Time":42,
    "swin5Rate":0.5454545454545454,
    "swin55Time":7,
    "swin55Rate":0.09090909090909091,
    "swin50Time":7,
    "swin50Rate":0.09090909090909091,
    "swin45Time":10,
    "swin45Rate":0.12987012987012986,
    "swin40Time":15,
    "swin40Rate":0.19480519480519481,
    "swin35Time":19,
    "swin35Rate":0.24675324675324675,
    "swin30Time":20,
    "swin30Rate":0.2597402597402597,
    "swin25Time":29,
    "swin25Rate":0.37662337662337664,
    "swin20Time":33,
    "swin20Rate":0.42857142857142855,
    "swin15Time":38,
    "swin15Rate":0.4935064935064935,
    "swin10Time":39,
    "swin10Rate":0.5064935064935064,
    "swin":0.12491507597141208,
    "sSellDay":35.87012987012987,
    "lose":-0.1978100808370477,
    "exp":0.05602075641216829,
    "buyTime":77
}