{
    "yearRate":0.5644107062895221,
    "winTime":1086,
    "winRate":0.47361535106846925,
    "win5Time":1644,
    "win5Rate":0.7169646750981248,
    "win55Time":49,
    "win55Rate":0.02136938508504143,
    "win50Time":62,
    "win50Rate":0.02703881378107283,
    "win45Time":86,
    "win45Rate":0.03750545137374618,
    "win40Time":114,
    "win40Rate":0.04971652856519843,
    "win35Time":151,
    "win35Rate":0.06585259485390318,
    "win30Time":218,
    "win30Rate":0.09507195813344962,
    "win25Time":325,
    "win25Rate":0.141735717400785,
    "win20Time":488,
    "win20Rate":0.21282163105102486,
    "win15Time":732,
    "win15Rate":0.31923244657653727,
    "win10Time":1099,
    "win10Rate":0.4792847797645007,
    "win":0.1358819451128758,
    "swinTime":900,
    "swinRate":0.39249890972525076,
    "swin5Time":473,
    "swin5Rate":0.206279982555604,
    "swin55Time":17,
    "swin55Rate":0.007413868294810292,
    "swin50Time":21,
    "swin50Rate":0.009158307893589184,
    "swin45Time":26,
    "swin45Rate":0.0113388573920628,
    "swin40Time":32,
    "swin40Rate":0.013955516790231139,
    "swin35Time":45,
    "swin35Rate":0.01962494548626254,
    "swin30Time":56,
    "swin30Rate":0.02442215438290449,
    "swin25Time":87,
    "swin25Rate":0.03794156127344091,
    "swin20Time":118,
    "swin20Rate":0.05146096816397732,
    "swin15Time":160,
    "swin15Rate":0.06977758395115569,
    "swin10Time":262,
    "swin10Rate":0.11426079372001745,
    "swin":0.018525495325824315,
    "sSellDay":7.877453118185783,
    "lose":-0.07357775806992037,
    "exp":-0.011273571026964703,
    "buyTime":2293
}