{
    "yearRate":0.21544724494746398,
    "winTime":9095,
    "winRate":0.41750826294528093,
    "win5Time":13425,
    "win5Rate":0.6162780022034521,
    "win55Time":149,
    "win55Rate":0.006839882482556004,
    "win50Time":196,
    "win50Rate":0.008997429305912597,
    "win45Time":270,
    "win45Rate":0.01239441792141021,
    "win40Time":397,
    "win40Rate":0.018224384869629087,
    "win35Time":602,
    "win35Rate":0.027634961439588688,
    "win30Time":909,
    "win30Rate":0.0417278736687477,
    "win25Time":1482,
    "win25Rate":0.06803158281307381,
    "win20Time":2455,
    "win20Rate":0.11269739258171135,
    "win15Time":4269,
    "win15Rate":0.19596951891296363,
    "win10Time":7652,
    "win10Rate":0.3512669849430775,
    "win":0.096929348416644,
    "swinTime":8668,
    "swinRate":0.3979067205288285,
    "swin5Time":4013,
    "swin5Rate":0.18421777451340432,
    "swin55Time":2,
    "swin55Rate":0.0000918105031215571,
    "swin50Time":3,
    "swin50Rate":0.00013771575468233567,
    "swin45Time":3,
    "swin45Rate":0.00013771575468233567,
    "swin40Time":6,
    "swin40Rate":0.00027543150936467134,
    "swin35Time":20,
    "swin35Rate":0.000918105031215571,
    "swin30Time":144,
    "swin30Rate":0.006610356224752111,
    "swin25Time":575,
    "swin25Rate":0.026395519647447668,
    "swin20Time":684,
    "swin20Rate":0.03139919206757253,
    "swin15Time":1027,
    "swin15Rate":0.04714469335291958,
    "swin10Time":1908,
    "swin10Rate":0.08758721997796548,
    "swin":0.006130704124984538,
    "sSellDay":6.829370179948586,
    "lose":-0.06869587547653878,
    "exp":-0.04046240253643363,
    "buyTime":21784
}