{
    "yearRate":0.258130445385545,
    "winTime":5504,
    "winRate":0.4315170521364171,
    "win5Time":8267,
    "win5Rate":0.6481379851038809,
    "win55Time":75,
    "win55Rate":0.005880047040376323,
    "win50Time":104,
    "win50Rate":0.008153665229321835,
    "win45Time":149,
    "win45Rate":0.011681693453547628,
    "win40Time":227,
    "win40Rate":0.017796942375539006,
    "win35Time":360,
    "win35Rate":0.02822422579380635,
    "win30Time":567,
    "win30Rate":0.044453155625245,
    "win25Time":915,
    "win25Rate":0.07173657389259114,
    "win20Time":1529,
    "win20Rate":0.11987455899647197,
    "win15Time":2694,
    "win15Rate":0.21121128969031752,
    "win10Time":4802,
    "win10Rate":0.3764798118384947,
    "win":0.10099700687685916,
    "swinTime":5017,
    "swinRate":0.3933359466875735,
    "swin5Time":2626,
    "swin5Rate":0.20588004704037632,
    "swin55Time":1,
    "swin55Rate":0.00007840062720501764,
    "swin50Time":1,
    "swin50Rate":0.00007840062720501764,
    "swin45Time":1,
    "swin45Rate":0.00007840062720501764,
    "swin40Time":10,
    "swin40Rate":0.0007840062720501764,
    "swin35Time":32,
    "swin35Rate":0.0025088200705605645,
    "swin30Time":133,
    "swin30Rate":0.010427283418267347,
    "swin25Time":398,
    "swin25Rate":0.03120344962759702,
    "swin20Time":508,
    "swin20Rate":0.03982751862014896,
    "swin15Time":746,
    "swin15Rate":0.05848686789494316,
    "swin10Time":1377,
    "swin10Rate":0.1079576636613093,
    "swin":0.008386962746288083,
    "sSellDay":7.797883183065465,
    "lose":-0.06920016418192289,
    "exp":-0.037403321486986676,
    "buyTime":12755
}